index,CARRY,CARRY_CONTRACT,PRICE,PRICE_CONTRACT
2015-12-03,,20160600,151.26,20160300
2015-12-04,,20160600,150.24,20160300
2015-12-07,,20160600,152.76,20160300
2015-12-08,,20160600,153.76,20160300
2015-12-09,,20160600,152.78,20160300
2015-12-10,,20160600,153.26,20160300
2015-12-11,,20160600,154.6,20160300
2015-12-14,,20160600,154.04,20160300
2015-12-15,,20160600,152.14,20160300
2015-12-16,,20160600,151.68,20160300
2015-12-17,,20160600,153.8,20160300
2015-12-18,,20160600,155.28,20160300
2015-12-21,,20160600,155.24,20160300
2015-12-22,,20160600,153.32,20160300
2015-12-23,,20160600,151.78,20160300
2015-12-24,,20160600,151.78,20160300
2015-12-28,,20160600,154.22,20160300
2015-12-29,,20160600,150.82,20160300
2015-12-30,,20160600,151.4,20160300
2015-12-31,,20160600,151.1,20160300
2016-01-04,,20160600,152.72,20160300
2016-01-05,,20160600,152.84,20160300
2016-01-06,,20160600,153.92,20160300
2016-01-07,,20160600,152.76,20160300
2016-01-08,,20160600,153.82,20160300
2016-01-11,,20160600,153.7,20160300
2016-01-12,,20160600,154.56,20160300
2016-01-13,,20160600,155.2,20160300
2016-01-14,,20160600,154.6,20160300
2016-01-15,,20160600,155.96,20160300
2016-01-18,,20160600,155.66,20160300
2016-01-19,,20160600,155.3,20160300
2016-01-20,,20160600,157.88,20160300
2016-01-21,,20160600,158.14,20160300
2016-01-22,,20160600,157.14,20160300
2016-01-25,,20160600,157.82,20160300
2016-01-26,,20160600,158.88,20160300
2016-01-27,,20160600,159.26,20160300
2016-01-28,,20160600,160.6,20160300
2016-01-29,,20160600,162.64,20160300
2016-02-01,,20160600,162.08,20160300
2016-02-02,,20160600,162.58,20160300
2016-02-03,,20160600,164.46,20160300
2016-02-04,,20160600,163.62,20160300
2016-02-05,,20160600,163.68,20160300
2016-02-08,,20160600,167.3,20160300
2016-02-09,,20160600,166.6,20160300
2016-02-11,,20160600,169.16,20160300
2016-02-12,,20160600,166.62,20160300
2016-02-15,,20160600,166.64,20160300
2016-02-16,,20160600,165.44,20160300
2016-02-17,,20160600,165.1,20160300
2016-02-18,,20160600,167.3,20160300
2016-02-19,,20160600,167.56,20160300
2016-02-22,,20160600,168.38,20160300
2016-02-23,,20160600,168.76,20160300
2016-02-24,,20160600,169.98,20160300
2016-02-25,,20160600,169.92,20160300
2016-02-26,,20160600,168.88,20160300
2016-02-29,,20160600,169.72,20160300
2016-03-01,,20160600,167.3,20160300
2016-03-02,163.8,20160600,165.06,20160300
2016-03-03,,20160900,164.72,20160600
2016-03-04,,20160900,163.32,20160600
2016-03-07,,20160900,163.5,20160600
2016-03-08,,20160900,164.76,20160600
2016-03-09,,20160900,163.14,20160600
2016-03-10,,20160900,161.32,20160600
2016-03-11,,20160900,162.8,20160600
2016-03-14,,20160900,163.06,20160600
2016-03-15,,20160900,161.86,20160600
2016-03-16,,20160900,162.8,20160600
2016-03-17,,20160900,165.22,20160600
2016-03-18,,20160900,165.8,20160600
2016-03-21,,20160900,165.42,20160600
2016-03-22,,20160900,166.12,20160600
2016-03-23,,20160900,166.44,20160600
2016-03-24,,20160900,167.66,20160600
2016-03-28,,20160900,167.66,20160600
2016-03-29,,20160900,169.04,20160600
2016-03-30,,20160900,168.16,20160600
2016-03-31,,20160900,168.54,20160600
2016-04-01,,20160900,169.64,20160600
2016-04-04,,20160900,170.66,20160600
2016-04-05,,20160900,171.72,20160600
2016-04-06,,20160900,170.6,20160600
2016-04-07,,20160900,171.78,20160600
2016-04-08,,20160900,170.88,20160600
2016-04-11,,20160900,169.54,20160600
2016-04-12,,20160900,167.8,20160600
2016-04-13,,20160900,168.88,20160600
2016-04-14,,20160900,168.4,20160600
2016-04-15,,20160900,169.34,20160600
2016-04-18,,20160900,168.48,20160600
2016-04-19,,20160900,167.38,20160600
2016-04-20,,20160900,168.64,20160600
2016-04-21,,20160900,165.84,20160600
2016-04-22,,20160900,165.2,20160600
2016-04-25,,20160900,164.18,20160600
2016-04-26,,20160900,163.3,20160600
2016-04-27,,20160900,162.92,20160600
2016-04-28,,20160900,164.08,20160600
2016-04-29,,20160900,163.46,20160600
2016-05-02,,20160900,164.2,20160600
2016-05-03,,20160900,166.7,20160600
2016-05-04,,20160900,166.38,20160600
2016-05-05,,20160900,167.62,20160600
2016-05-06,,20160900,168.48,20160600
2016-05-09,,20160900,169.06,20160600
2016-05-10,,20160900,169.52,20160600
2016-05-11,,20160900,169.1,20160600
2016-05-12,,20160900,167.94,20160600
2016-05-13,,20160900,169.06,20160600
2016-05-16,,20160900,168.4,20160600
2016-05-17,,20160900,168.98,20160600
2016-05-18,,20160900,167.56,20160600
2016-05-19,,20160900,167.76,20160600
2016-05-20,,20160900,167.36,20160600
2016-05-23,,20160900,166.92,20160600
2016-05-24,,20160900,167.08,20160600
2016-05-25,,20160900,168.28,20160600
2016-05-26,,20160900,168.52,20160600
2016-05-27,,20160900,168.42,20160600
2016-05-30,,20160900,167.42,20160600
2016-05-31,,20160900,168.3,20160600
2016-06-01,,20160900,168.96,20160600
2016-06-02,179.0,20160900,169.8,20160600
2016-06-03,,20161200,181.32,20160900
2016-06-06,,20161200,181.24,20160900
2016-06-07,,20161200,183.02,20160900
2016-06-08,,20161200,183.7,20160900
2016-06-09,,20161200,185.48,20160900
2016-06-10,,20161200,187.22,20160900
2016-06-13,,20161200,185.66,20160900
2016-06-14,,20161200,188.5,20160900
2016-06-15,,20161200,188.56,20160900
2016-06-16,,20161200,190.58,20160900
2016-06-17,,20161200,187.56,20160900
2016-06-20,,20161200,185.0,20160900
2016-06-21,,20161200,185.4,20160900
2016-06-22,,20161200,184.84,20160900
2016-06-23,,20161200,182.94,20160900
2016-06-24,,20161200,191.36,20160900
2016-06-27,,20161200,194.82,20160900
2016-06-28,,20161200,194.28,20160900
2016-06-29,,20161200,195.44,20160900
2016-06-30,,20161200,196.24,20160900
2016-07-01,,20161200,194.66,20160900
2016-07-04,,20161200,194.3,20160900
2016-07-05,,20161200,196.92,20160900
2016-07-06,,20161200,196.6,20160900
2016-07-07,,20161200,195.46,20160900
2016-07-08,,20161200,196.2,20160900
2016-07-11,,20161200,195.48,20160900
2016-07-12,,20161200,191.94,20160900
2016-07-13,,20161200,193.98,20160900
2016-07-14,,20161200,191.54,20160900
2016-07-15,,20161200,189.62,20160900
2016-07-18,,20161200,190.0,20160900
2016-07-19,,20161200,190.62,20160900
2016-07-20,,20161200,189.62,20160900
2016-07-21,,20161200,189.9,20160900
2016-07-22,,20161200,190.86,20160900
2016-07-25,,20161200,192.58,20160900
2016-07-26,,20161200,192.22,20160900
2016-07-27,,20161200,195.22,20160900
2016-07-28,,20161200,195.86,20160900
2016-07-29,,20161200,197.04,20160900
2016-08-01,,20161200,196.14,20160900
2016-08-02,,20161200,193.12,20160900
2016-08-03,,20161200,193.04,20160900
2016-08-04,,20161200,195.24,20160900
2016-08-05,,20161200,193.48,20160900
2016-08-08,,20161200,192.86,20160900
2016-08-09,,20161200,194.04,20160900
2016-08-10,,20161200,195.5,20160900
2016-08-11,,20161200,194.36,20160900
2016-08-12,,20161200,194.62,20160900
2016-08-15,,20161200,193.32,20160900
2016-08-16,,20161200,191.72,20160900
2016-08-17,,20161200,192.68,20160900
2016-08-18,,20161200,194.26,20160900
2016-08-19,,20161200,192.7,20160900
2016-08-22,,20161200,194.62,20160900
2016-08-23,,20161200,194.94,20160900
2016-08-24,,20161200,194.24,20160900
2016-08-25,,20161200,193.48,20160900
2016-08-26,,20161200,194.0,20160900
2016-08-29,,20161200,193.14,20160900
2016-08-30,,20161200,194.22,20160900
2016-08-31,,20161200,193.0,20160900
2016-09-01,,20161200,192.22,20160900
2016-09-02,188.16,20161200,189.82,20160900
2016-09-05,,20170300,188.84,20161200
2016-09-06,,20170300,191.7,20161200
2016-09-07,,20170300,193.14,20161200
2016-09-08,,20170300,189.82,20161200
2016-09-09,,20170300,185.42,20161200
2016-09-12,,20170300,185.24,20161200
2016-09-13,,20170300,185.18,20161200
2016-09-14,,20170300,185.36,20161200
2016-09-15,,20170300,184.18,20161200
2016-09-16,,20170300,185.26,20161200
2016-09-19,,20170300,185.16,20161200
2016-09-20,,20170300,187.42,20161200
2016-09-21,,20170300,186.52,20161200
2016-09-22,,20170300,191.08,20161200
2016-09-23,,20170300,190.9,20161200
2016-09-26,,20170300,190.94,20161200
2016-09-27,,20170300,192.92,20161200
2016-09-28,,20170300,193.5,20161200
2016-09-29,,20170300,192.24,20161200
2016-09-30,,20170300,192.04,20161200
2016-10-03,,20170300,191.02,20161200
2016-10-04,,20170300,190.28,20161200
2016-10-05,,20170300,186.54,20161200
2016-10-06,,20170300,185.72,20161200
2016-10-07,,20170300,184.72,20161200
2016-10-10,,20170300,183.16,20161200
2016-10-11,,20170300,184.36,20161200
2016-10-12,,20170300,183.08,20161200
2016-10-13,,20170300,184.82,20161200
2016-10-14,,20170300,183.58,20161200
2016-10-17,,20170300,183.38,20161200
2016-10-18,,20170300,184.36,20161200
2016-10-19,,20170300,184.72,20161200
2016-10-20,,20170300,186.76,20161200
2016-10-21,,20170300,186.36,20161200
2016-10-24,,20170300,184.72,20161200
2016-10-25,,20170300,184.96,20161200
2016-10-26,,20170300,182.0,20161200
2016-10-27,,20170300,178.4,20161200
2016-10-28,,20170300,179.28,20161200
2016-10-31,,20170300,179.88,20161200
2016-11-01,,20170300,179.34,20161200
2016-11-02,,20170300,181.36,20161200
2016-11-03,,20170300,180.3,20161200
2016-11-04,,20170300,181.96,20161200
2016-11-07,,20170300,181.38,20161200
2016-11-08,,20170300,180.08,20161200
2016-11-09,,20170300,180.06,20161200
2016-11-10,,20170300,175.76,20161200
2016-11-11,,20170300,174.9,20161200
2016-11-14,,20170300,173.66,20161200
2016-11-15,,20170300,175.76,20161200
2016-11-16,,20170300,175.7,20161200
2016-11-17,,20170300,176.64,20161200
2016-11-18,,20170300,176.42,20161200
2016-11-21,,20170300,176.46,20161200
2016-11-22,,20170300,177.48,20161200
2016-11-23,,20170300,176.1,20161200
2016-11-24,,20170300,175.94,20161200
2016-11-25,,20170300,176.78,20161200
2016-11-28,,20170300,178.76,20161200
2016-11-29,,20170300,177.04,20161200
2016-11-30,,20170300,175.16,20161200
2016-12-01,168.92,20170300,170.98,20161200
2016-12-02,172.77,20170300,174.81,20161200
2016-12-05,,20170600,171.2,20170300
2016-12-06,,20170600,169.82,20170300
2016-12-07,,20170600,170.66,20170300
2016-12-08,,20170600,166.92,20170300
2016-12-09,,20170600,166.78,20170300
2016-12-12,,20170600,164.34,20170300
2016-12-13,,20170600,166.56,20170300
2016-12-14,,20170600,169.02,20170300
2016-12-15,,20170600,166.86,20170300
2016-12-16,,20170600,169.2,20170300
2016-12-19,,20170600,172.22,20170300
2016-12-20,,20170600,171.98,20170300
2016-12-21,,20170600,173.18,20170300
2016-12-22,,20170600,172.64,20170300
2016-12-23,,20170600,174.18,20170300
2016-12-27,,20170600,175.2,20170300
2016-12-28,,20170600,174.52,20170300
2016-12-29,,20170600,176.02,20170300
2016-12-30,,20170600,173.52,20170300
2017-01-02,,20170600,173.84,20170300
2017-01-03,,20170600,170.78,20170300
2017-01-04,,20170600,170.1,20170300
2017-01-05,,20170600,171.82,20170300
2017-01-06,,20170600,169.82,20170300
2017-01-09,,20170600,169.56,20170300
2017-01-10,,20170600,169.9,20170300
2017-01-11,,20170600,170.78,20170300
2017-01-12,,20170600,171.08,20170300
2017-01-13,,20170600,169.24,20170300
2017-01-16,,20170600,169.52,20170300
2017-01-17,,20170600,170.4,20170300
2017-01-18,,20170600,169.24,20170300
2017-01-19,,20170600,167.92,20170300
2017-01-20,,20170600,165.52,20170300
2017-01-23,,20170600,167.98,20170300
2017-01-24,,20170600,167.34,20170300
2017-01-25,,20170600,165.18,20170300
2017-01-26,,20170600,164.7,20170300
2017-01-27,,20170600,166.32,20170300
2017-01-30,,20170600,166.78,20170300
2017-01-31,,20170600,167.22,20170300
2017-02-01,,20170600,165.24,20170300
2017-02-02,,20170600,167.0,20170300
2017-02-03,,20170600,166.68,20170300
2017-02-06,,20170600,167.6,20170300
2017-02-07,,20170600,167.42,20170300
2017-02-08,,20170600,169.74,20170300
2017-02-09,,20170600,170.36,20170300
2017-02-10,,20170600,168.88,20170300
2017-02-13,,20170600,168.44,20170300
2017-02-14,,20170600,167.28,20170300
2017-02-15,,20170600,166.22,20170300
2017-02-16,,20170600,168.2,20170300
2017-02-17,,20170600,169.94,20170300
2017-02-20,,20170600,169.66,20170300
2017-02-21,,20170600,168.98,20170300
2017-02-22,,20170600,170.56,20170300
2017-02-23,,20170600,172.8,20170300
2017-02-24,,20170600,174.73,20170300
2017-02-27,,20170600,174.22,20170300
2017-02-28,,20170600,173.62,20170300
2017-03-01,,20170600,170.8,20170300
2017-03-02,167.48,20170600,169.58,20170300
2017-03-03,,20170900,166.3,20170600
2017-03-06,,20170900,166.66,20170600
2017-03-07,,20170900,166.86,20170600
2017-03-08,,20170900,165.66,20170600
2017-03-09,,20170900,164.2,20170600
2017-03-10,,20170900,163.06,20170600
2017-03-13,,20170900,164.06,20170600
2017-03-14,,20170900,165.24,20170600
2017-03-15,,20170900,166.32,20170600
2017-03-16,,20170900,165.36,20170600
2017-03-17,,20170900,166.12,20170600
2017-03-20,,20170900,165.72,20170600
2017-03-21,,20170900,165.62,20170600
2017-03-22,,20170900,167.38,20170600
2017-03-23,,20170900,166.5,20170600
2017-03-24,,20170900,166.84,20170600
2017-03-27,,20170900,167.38,20170600
2017-03-28,,20170900,167.7,20170600
2017-03-29,,20170900,168.4,20170600
2017-03-30,,20170900,168.74,20170600
2017-03-31,,20170900,168.58,20170600
2017-04-03,,20170900,169.78,20170600
2017-04-04,,20170900,170.98,20170600
2017-04-05,,20170900,170.6,20170600
2017-04-06,,20170900,171.1,20170600
2017-04-07,,20170900,172.24,20170600
2017-04-10,,20170900,172.64,20170600
2017-04-11,,20170900,173.58,20170600
2017-04-12,,20170900,174.24,20170600
2017-04-13,,20170900,174.9,20170600
2017-04-17,,20170900,174.9,20170600
2017-04-18,,20170900,175.7,20170600
2017-04-19,,20170900,175.02,20170600
2017-04-20,,20170900,173.64,20170600
2017-04-21,,20170900,173.74,20170600
2017-04-24,,20170900,169.62,20170600
2017-04-25,,20170900,168.52,20170600
2017-04-26,,20170900,168.82,20170600
2017-04-27,,20170900,169.92,20170600
2017-04-28,,20170900,169.26,20170600
2017-05-01,,20170900,169.26,20170600
2017-05-02,,20170900,168.9,20170600
2017-05-03,,20170900,168.86,20170600
2017-05-04,,20170900,166.88,20170600
2017-05-05,,20170900,166.14,20170600
2017-05-08,,20170900,166.0,20170600
2017-05-09,,20170900,165.14,20170600
2017-05-10,,20170900,166.16,20170600
2017-05-11,,20170900,165.54,20170600
2017-05-12,,20170900,166.5,20170600
2017-05-15,,20170900,164.96,20170600
2017-05-16,,20170900,165.04,20170600
2017-05-17,,20170900,166.42,20170600
2017-05-18,,20170900,167.1,20170600
2017-05-19,,20170900,166.36,20170600
2017-05-22,,20170900,165.6,20170600
2017-05-23,,20170900,165.38,20170600
2017-05-24,,20170900,165.36,20170600
2017-05-25,,20170900,166.5,20170600
2017-05-26,,20170900,167.9,20170600
2017-05-29,,20170900,168.7,20170600
2017-05-30,,20170900,168.4,20170600
2017-05-31,,20170900,168.26,20170600
2017-06-01,,20170900,168.08,20170600
2017-06-02,167.2,20170900,168.88,20170600
2017-06-05,,20171200,166.48,20170900
2017-06-06,,20171200,167.5,20170900
2017-06-07,,20171200,167.24,20170900
2017-06-08,,20171200,168.1,20170900
2017-06-09,,20171200,167.24,20170900
2017-06-12,,20171200,168.02,20170900
2017-06-13,,20171200,168.04,20170900
2017-06-14,,20171200,169.72,20170900
2017-06-15,,20171200,168.28,20170900
2017-06-16,,20171200,167.9,20170900
2017-06-19,,20171200,168.24,20170900
2017-06-20,,20171200,169.22,20170900
2017-06-21,,20171200,169.86,20170900
2017-06-22,,20171200,170.32,20170900
2017-06-23,,20171200,169.6,20170900
2017-06-26,,20171200,169.88,20170900
2017-06-27,,20171200,167.36,20170900
2017-06-28,,20171200,166.96,20170900
2017-06-29,,20171200,164.34,20170900
2017-06-30,,20171200,163.5,20170900
2017-07-03,,20171200,162.54,20170900
2017-07-04,,20171200,162.12,20170900
2017-07-05,,20171200,162.66,20170900
2017-07-06,,20171200,160.36,20170900
2017-07-07,,20171200,159.88,20170900
2017-07-10,,20171200,160.8,20170900
2017-07-11,,20171200,160.34,20170900
2017-07-12,,20171200,161.16,20170900
2017-07-13,,20171200,160.9,20170900
2017-07-14,,20171200,161.16,20170900
2017-07-17,,20171200,161.42,20170900
2017-07-18,,20171200,162.0,20170900
2017-07-19,,20171200,162.74,20170900
2017-07-20,,20171200,162.22,20170900
2017-07-21,,20171200,162.94,20170900
2017-07-24,,20171200,163.2,20170900
2017-07-25,,20171200,161.26,20170900
2017-07-26,,20171200,161.66,20170900
2017-07-27,,20171200,162.18,20170900
2017-07-28,,20171200,161.54,20170900
2017-07-31,,20171200,162.1,20170900
2017-08-01,,20171200,164.24,20170900
2017-08-02,,20171200,164.2,20170900
2017-08-03,,20171200,165.34,20170900
2017-08-04,,20171200,164.84,20170900
2017-08-07,,20171200,165.22,20170900
2017-08-08,,20171200,164.68,20170900
2017-08-09,,20171200,166.43,20170900
2017-08-10,,20171200,167.02,20170900
2017-08-11,,20171200,167.98,20170900
2017-08-14,,20171200,167.06,20170900
2017-08-15,,20171200,166.2,20170900
2017-08-16,,20171200,165.94,20170900
2017-08-17,,20171200,166.16,20170900
2017-08-18,,20171200,167.36,20170900
2017-08-21,,20171200,167.32,20170900
2017-08-22,,20171200,167.06,20170900
2017-08-23,,20171200,167.9,20170900
2017-08-24,,20171200,167.9,20170900
2017-08-25,,20171200,167.6,20170900
2017-08-28,,20171200,167.4,20170900
2017-08-29,,20171200,169.1,20170900
2017-08-30,,20171200,168.44,20170900
2017-08-31,,20171200,168.32,20170900
2017-09-01,,20171200,167.04,20170900
2017-09-04,165.62,20171200,167.18,20170900
2017-09-05,,20180300,166.98,20171200
2017-09-06,,20180300,167.18,20171200
2017-09-07,,20180300,167.96,20171200
2017-09-08,,20180300,167.26,20171200
2017-09-11,,20180300,166.56,20171200
2017-09-12,,20180300,164.48,20171200
2017-09-13,,20180300,164.3,20171200
2017-09-14,,20180300,163.98,20171200
2017-09-15,,20180300,163.62,20171200
2017-09-18,,20180300,162.9,20171200
2017-09-19,,20180300,163.24,20171200
2017-09-20,,20180300,163.82,20171200
2017-09-21,,20180300,163.54,20171200
2017-09-22,,20180300,163.64,20171200
2017-09-25,,20180300,164.98,20171200
2017-09-26,,20180300,164.56,20171200
2017-09-27,,20180300,162.94,20171200
2017-09-28,,20180300,162.42,20171200
2017-09-29,,20180300,163.24,20171200
2017-10-02,,20180300,163.74,20171200
2017-10-03,,20180300,163.18,20171200
2017-10-04,,20180300,163.62,20171200
2017-10-05,,20180300,163.34,20171200
2017-10-06,,20180300,163.26,20171200
2017-10-09,,20180300,163.86,20171200
2017-10-10,,20180300,163.98,20171200
2017-10-11,,20180300,163.46,20171200
2017-10-12,,20180300,163.64,20171200
2017-10-13,,20180300,164.62,20171200
2017-10-16,,20180300,165.64,20171200
2017-10-17,,20180300,166.08,20171200
2017-10-18,,20180300,165.36,20171200
2017-10-19,,20180300,165.46,20171200
2017-10-20,,20180300,163.36,20171200
2017-10-23,,20180300,163.98,20171200
2017-10-24,,20180300,162.8,20171200
2017-10-25,,20180300,162.6,20171200
2017-10-26,,20180300,163.46,20171200
2017-10-27,,20180300,164.3,20171200
2017-10-30,,20180300,165.34,20171200
2017-10-31,,20180300,166.08,20171200
2017-11-01,,20180300,165.65,20171200
2017-11-02,,20180300,165.66,20171200
2017-11-03,,20180300,165.78,20171200
2017-11-06,,20180300,166.42,20171200
2017-11-07,,20180300,166.48,20171200
2017-11-08,,20180300,166.92,20171200
2017-11-09,,20180300,164.84,20171200
2017-11-10,,20180300,163.84,20171200
2017-11-13,,20180300,163.66,20171200
2017-11-14,,20180300,164.38,20171200
2017-11-15,,20180300,165.02,20171200
2017-11-16,,20180300,165.1,20171200
2017-11-17,,20180300,165.58,20171200
2017-11-20,,20180300,166.1,20171200
2017-11-21,,20180300,166.96,20171200
2017-11-22,,20180300,167.27,20171200
2017-11-23,,20180300,167.62,20171200
2017-11-24,,20180300,167.14,20171200
2017-11-27,,20180300,167.64,20171200
2017-11-28,,20180300,167.64,20171200
2017-11-29,,20180300,166.44,20171200
2017-11-30,,20180300,167.14,20171200
2017-12-01,168.08,20180300,169.52,20171200
2017-12-04,,20180600,166.74,20180300
2017-12-05,,20180600,167.2,20180300
2017-12-06,,20180600,168.08,20180300
2017-12-07,,20180600,167.82,20180300
2017-12-08,,20180600,167.46,20180300
2017-12-11,,20180600,168.06,20180300
2017-12-12,,20180600,167.12,20180300
2017-12-13,,20180600,166.98,20180300
2017-12-14,,20180600,167.44,20180300
2017-12-15,,20180600,168.48,20180300
2017-12-18,,20180600,168.2,20180300
2017-12-19,,20180600,165.62,20180300
2017-12-20,,20180600,164.28,20180300
2017-12-21,,20180600,164.58,20180300
2017-12-22,,20180600,164.68,20180300
2017-12-26,,20180600,164.68,20180300
2017-12-27,,20180600,165.76,20180300
2017-12-28,,20180600,164.5,20180300
2017-12-29,,20180600,163.88,20180300
2018-01-02,,20180600,162.64,20180300
2018-01-03,,20180600,163.66,20180300
2018-01-04,,20180600,164.1,20180300
2018-01-05,,20180600,163.72,20180300
2018-01-08,,20180600,163.9,20180300
2018-01-09,,20180600,162.5,20180300
2018-01-10,,20180600,162.1,20180300
2018-01-11,,20180600,161.6,20180300
2018-01-12,,20180600,162.24,20180300
2018-01-15,,20180600,161.88,20180300
2018-01-16,,20180600,163.04,20180300
2018-01-17,,20180600,163.38,20180300
2018-01-18,,20180600,162.44,20180300
2018-01-19,,20180600,162.22,20180300
2018-01-22,,20180600,162.62,20180300
2018-01-23,,20180600,162.82,20180300
2018-01-24,,20180600,162.02,20180300
2018-01-25,,20180600,162.56,20180300
2018-01-26,,20180600,163.28,20180300
2018-01-29,,20180600,161.26,20180300
2018-01-30,,20180600,160.92,20180300
2018-01-31,,20180600,161.74,20180300
2018-02-01,,20180600,160.9,20180300
2018-02-02,,20180600,159.3,20180300
2018-02-05,,20180600,159.34,20180300
2018-02-06,,20180600,160.88,20180300
2018-02-07,,20180600,159.96,20180300
2018-02-08,,20180600,159.08,20180300
2018-02-09,,20180600,159.44,20180300
2018-02-12,,20180600,159.42,20180300
2018-02-13,,20180600,159.1,20180300
2018-02-14,,20180600,158.8,20180300
2018-02-15,,20180600,158.55,20180300
2018-02-16,,20180600,159.9,20180300
2018-02-19,,20180600,158.88,20180300
2018-02-20,,20180600,159.04,20180300
2018-02-21,,20180600,159.38,20180300
2018-02-22,,20180600,159.62,20180300
2018-02-23,,20180600,161.54,20180300
2018-02-26,,20180600,162.06,20180300
2018-02-27,,20180600,162.06,20180300
2018-02-28,,20180600,161.54,20180300
2018-03-01,,20180600,162.04,20180300
2018-03-02,160.66,20180600,162.18,20180300
2018-03-05,,20180900,160.74,20180600
2018-03-06,,20180900,159.6,20180600
2018-03-07,,20180900,160.36,20180600
2018-03-08,,20180900,161.28,20180600
2018-03-09,,20180900,160.59,20180600
2018-03-12,,20180900,161.2,20180600
2018-03-13,,20180900,161.34,20180600
2018-03-14,,20180900,162.28,20180600
2018-03-15,,20180900,162.78,20180600
2018-03-16,,20180900,163.08,20180600
2018-03-19,,20180900,163.36,20180600
2018-03-20,,20180900,163.36,20180600
2018-03-21,,20180900,163.06,20180600
2018-03-22,,20180900,165.06,20180600
2018-03-23,,20180900,164.9,20180600
2018-03-26,,20180900,164.94,20180600
2018-03-27,,20180900,165.56,20180600
2018-03-28,,20180900,165.68,20180600
2018-03-29,,20180900,165.4,20180600
2018-04-02,,20180900,165.4,20180600
2018-04-03,,20180900,165.32,20180600
2018-04-04,,20180900,165.62,20180600
2018-04-05,,20180900,164.5,20180600
2018-04-06,,20180900,165.18,20180600
2018-04-09,,20180900,164.98,20180600
2018-04-10,,20180900,164.96,20180600
2018-04-11,,20180900,165.74,20180600
2018-04-12,,20180900,164.92,20180600
2018-04-13,,20180900,164.88,20180600
2018-04-16,,20180900,164.44,20180600
2018-04-17,,20180900,164.98,20180600
2018-04-18,,20180900,164.64,20180600
2018-04-19,,20180900,162.96,20180600
2018-04-20,,20180900,162.54,20180600
2018-04-23,,20180900,161.78,20180600
2018-04-24,,20180900,161.8,20180600
2018-04-25,,20180900,161.72,20180600
2018-04-26,,20180900,163.08,20180600
2018-04-27,,20180900,163.72,20180600
2018-04-30,,20180900,163.56,20180600
2018-05-01,,20180900,163.56,20180600
2018-05-02,,20180900,163.21,20180600
2018-05-03,,20180900,164.18,20180600
2018-05-04,,20180900,163.88,20180600
2018-05-07,,20180900,164.58,20180600
2018-05-08,,20180900,163.52,20180600
2018-05-09,,20180900,163.38,20180600
2018-05-10,,20180900,163.98,20180600
2018-05-11,,20180900,163.68,20180600
2018-05-14,,20180900,162.52,20180600
2018-05-15,,20180900,161.62,20180600
2018-05-16,,20180900,162.26,20180600
2018-05-17,,20180900,161.28,20180600
2018-05-18,,20180900,162.72,20180600
2018-05-21,,20180900,163.92,20180600
2018-05-22,,20180900,163.18,20180600
2018-05-23,,20180900,164.6,20180600
2018-05-24,,20180900,165.98,20180600
2018-05-25,,20180900,167.44,20180600
2018-05-28,,20180900,169.62,20180600
2018-05-29,,20180900,171.02,20180600
2018-05-30,,20180900,169.64,20180600
2018-05-31,,20180900,170.54,20180600
2018-06-01,,20180900,169.6,20180600
2018-06-04,174.22,20180900,168.28,20180600
2018-06-05,,20181200,175.12,20180900
2018-06-06,,20181200,172.94,20180900
2018-06-07,,20181200,171.76,20180900
2018-06-08,,20181200,173.44,20180900
2018-06-11,,20181200,171.7,20180900
2018-06-12,,20181200,171.96,20180900
2018-06-13,,20181200,172.4,20180900
2018-06-14,,20181200,172.26,20180900
2018-06-15,,20181200,172.56,20180900
2018-06-18,,20181200,172.08,20180900
2018-06-19,,20181200,173.58,20180900
2018-06-20,,20181200,173.22,20180900
2018-06-21,,20181200,174.28,20180900
2018-06-22,,20181200,174.36,20180900
2018-06-25,,20181200,174.8,20180900
2018-06-26,,20181200,174.5,20180900
2018-06-27,,20181200,175.94,20180900
2018-06-28,,20181200,176.74,20180900
2018-06-29,,20181200,177.76,20180900
2018-07-02,,20181200,177.98,20180900
2018-07-03,,20181200,178.72,20180900
2018-07-04,,20181200,178.0,20180900
2018-07-05,,20181200,178.82,20180900
2018-07-06,,20181200,178.64,20180900
2018-07-09,,20181200,177.6,20180900
2018-07-10,,20181200,177.3,20180900
2018-07-11,,20181200,177.82,20180900
2018-07-12,,20181200,178.16,20180900
2018-07-13,,20181200,178.26,20180900
2018-07-16,,20181200,177.22,20180900
2018-07-17,,20181200,178.08,20180900
2018-07-18,,20181200,178.08,20180900
2018-07-19,,20181200,178.44,20180900
2018-07-20,,20181200,177.18,20180900
2018-07-23,,20181200,176.18,20180900
2018-07-24,,20181200,176.86,20180900
2018-07-25,,20181200,177.44,20180900
2018-07-26,,20181200,176.74,20180900
2018-07-27,,20181200,176.44,20180900
2018-07-30,,20181200,174.82,20180900
2018-07-31,,20181200,175.6,20180900
2018-08-01,,20181200,173.96,20180900
2018-08-02,,20181200,174.72,20180900
2018-08-03,,20181200,176.64,20180900
2018-08-06,,20181200,177.38,20180900
2018-08-07,,20181200,176.68,20180900
2018-08-08,,20181200,176.54,20180900
2018-08-09,,20181200,177.24,20180900
2018-08-10,,20181200,179.46,20180900
2018-08-13,,20181200,179.38,20180900
2018-08-14,,20181200,179.08,20180900
2018-08-15,,20181200,180.2,20180900
2018-08-16,,20181200,179.76,20180900
2018-08-17,,20181200,180.1,20180900
2018-08-20,,20181200,180.22,20180900
2018-08-21,,20181200,179.14,20180900
2018-08-22,,20181200,178.64,20180900
2018-08-23,,20181200,178.58,20180900
2018-08-24,,20181200,178.6,20180900
2018-08-27,,20181200,177.3,20180900
2018-08-28,,20181200,176.8,20180900
2018-08-29,,20181200,176.06,20180900
2018-08-30,,20181200,178.04,20180900
2018-08-31,,20181200,178.8,20180900
2018-09-03,176.98,20181200,178.44,20180900
2018-09-04,,20190300,176.4,20181200
2018-09-05,,20190300,175.42,20181200
2018-09-06,,20190300,176.56,20181200
2018-09-07,,20190300,175.3,20181200
2018-09-10,,20190300,174.54,20181200
2018-09-11,,20190300,173.68,20181200
2018-09-12,,20190300,174.44,20181200
2018-09-13,,20190300,174.16,20181200
2018-09-14,,20190300,173.62,20181200
2018-09-17,,20190300,173.8,20181200
2018-09-18,,20190300,173.04,20181200
2018-09-19,,20190300,172.62,20181200
2018-09-20,,20190300,172.76,20181200
2018-09-21,,20190300,173.34,20181200
2018-09-24,,20190300,172.56,20181200
2018-09-25,,20190300,171.5,20181200
2018-09-26,,20190300,172.08,20181200
2018-09-27,,20190300,172.92,20181200
2018-09-28,,20190300,174.32,20181200
2018-10-01,,20190300,173.64,20181200
2018-10-02,,20190300,175.2,20181200
2018-10-03,,20190300,174.2,20181200
2018-10-04,,20190300,172.68,20181200
2018-10-05,,20190300,171.18,20181200
2018-10-08,,20190300,171.4,20181200
2018-10-09,,20190300,171.88,20181200
2018-10-10,,20190300,171.54,20181200
2018-10-11,,20190300,172.64,20181200
2018-10-12,,20190300,172.96,20181200
2018-10-15,,20190300,172.84,20181200
2018-10-16,,20190300,173.2,20181200
2018-10-17,,20190300,174.26,20181200
2018-10-18,,20190300,174.9,20181200
2018-10-19,,20190300,175.22,20181200
2018-10-22,,20190300,175.18,20181200
2018-10-23,,20190300,176.22,20181200
2018-10-24,,20190300,176.78,20181200
2018-10-25,,20190300,176.62,20181200
2018-10-26,,20190300,178.2,20181200
2018-10-29,,20190300,176.42,20181200
2018-10-30,,20190300,176.84,20181200
2018-10-31,,20190300,176.9,20181200
2018-11-01,,20190300,176.02,20181200
2018-11-02,,20190300,175.1,20181200
2018-11-05,,20190300,175.36,20181200
2018-11-06,,20190300,175.26,20181200
2018-11-07,,20190300,174.86,20181200
2018-11-08,,20190300,174.58,20181200
2018-11-09,,20190300,176.02,20181200
2018-11-12,,20190300,176.42,20181200
2018-11-13,,20190300,175.72,20181200
2018-11-14,,20190300,175.6,20181200
2018-11-15,,20190300,176.72,20181200
2018-11-16,,20190300,176.58,20181200
2018-11-19,,20190300,176.08,20181200
2018-11-20,,20190300,177.26,20181200
2018-11-21,,20190300,176.26,20181200
2018-11-22,,20190300,176.3,20181200
2018-11-23,,20190300,178.18,20181200
2018-11-26,,20190300,177.12,20181200
2018-11-27,,20190300,177.32,20181200
2018-11-28,,20190300,177.0,20181200
2018-11-29,,20190300,178.08,20181200
2018-11-30,,20190300,178.6,20181200
2018-12-03,177.06,20190300,178.58,20181200
2018-12-04,,20190600,179.06,20190300
2018-12-05,,20190600,178.78,20190300
2018-12-06,,20190600,180.78,20190300
2018-12-07,,20190600,180.14,20190300
2018-12-10,,20190600,181.96,20190300
2018-12-11,,20190600,182.28,20190300
2018-12-12,,20190600,181.56,20190300
2018-12-13,,20190600,180.06,20190300
2018-12-14,,20190600,180.2,20190300
2018-12-17,,20190600,180.18,20190300
2018-12-18,,20190600,180.96,20190300
2018-12-19,,20190600,180.86,20190300
2018-12-20,,20190600,181.92,20190300
2018-12-21,,20190600,181.0,20190300
2018-12-24,,20190600,181.0,20190300
2018-12-26,,20190600,181.0,20190300
2018-12-27,,20190600,181.6,20190300
2018-12-28,,20190600,180.6,20190300
2018-12-31,,20190600,180.6,20190300
2019-01-02,,20190600,183.4,20190300
2019-01-03,,20190600,183.51,20190300
2019-01-04,,20190600,181.46,20190300
2019-01-07,,20190600,181.46,20190300
2019-01-08,,20190600,181.14,20190300
2019-01-09,,20190600,181.6,20190300
2019-01-10,,20190600,181.92,20190300
2019-01-11,,20190600,182.52,20190300
2019-01-14,,20190600,182.78,20190300
2019-01-15,,20190600,183.2,20190300
2019-01-16,,20190600,182.4,20190300
2019-01-17,,20190600,181.94,20190300
2019-01-18,,20190600,181.26,20190300
2019-01-21,,20190600,181.3,20190300
2019-01-22,,20190600,182.38,20190300
2019-01-23,,20190600,182.6,20190300
2019-01-24,,20190600,184.76,20190300
2019-01-25,,20190600,184.7,20190300
2019-01-28,,20190600,183.72,20190300
2019-01-29,,20190600,184.06,20190300
2019-01-30,,20190600,184.7,20190300
2019-01-31,,20190600,185.86,20190300
2019-02-01,,20190600,185.1,20190300
2019-02-04,,20190600,184.68,20190300
2019-02-05,,20190600,185.2,20190300
2019-02-06,,20190600,185.28,20190300
2019-02-07,,20190600,186.98,20190300
2019-02-08,,20190600,187.98,20190300
2019-02-11,,20190600,186.48,20190300
2019-02-12,,20190600,185.68,20190300
2019-02-13,,20190600,186.08,20190300
2019-02-14,,20190600,187.66,20190300
2019-02-15,,20190600,187.14,20190300
2019-02-18,,20190600,186.38,20190300
2019-02-19,,20190600,186.56,20190300
2019-02-20,,20190600,186.86,20190300
2019-02-21,,20190600,186.08,20190300
2019-02-22,,20190600,187.42,20190300
2019-02-25,,20190600,186.68,20190300
2019-02-26,,20190600,186.2,20190300
2019-02-27,,20190600,185.2,20190300
2019-02-28,,20190600,184.04,20190300
2019-03-01,,20190600,183.5,20190300
2019-03-04,182.66,20190600,184.16,20190300
2019-03-05,,20190900,182.54,20190600
2019-03-06,,20190900,183.48,20190600
2019-03-07,,20190900,185.58,20190600
2019-03-08,,20190900,186.06,20190600
2019-03-11,,20190900,185.8,20190600
2019-03-12,,20190900,185.78,20190600
2019-03-13,,20190900,185.48,20190600
2019-03-14,,20190900,185.02,20190600
2019-03-15,,20190900,184.94,20190600
2019-03-18,,20190900,185.46,20190600
2019-03-19,,20190900,184.78,20190600
2019-03-20,,20190900,185.56,20190600
2019-03-21,,20190900,187.56,20190600
2019-03-22,,20190900,190.98,20190600
2019-03-25,,20190900,191.02,20190600
2019-03-26,,20190900,191.3,20190600
2019-03-27,,20190900,192.98,20190600
2019-03-28,,20190900,192.48,20190600
2019-03-29,,20190900,191.62,20190600
2019-04-01,,20190900,189.68,20190600
2019-04-02,,20190900,190.92,20190600
2019-04-03,,20190900,188.48,20190600
2019-04-04,,20190900,189.72,20190600
2019-04-05,,20190900,189.46,20190600
2019-04-08,,20190900,189.28,20190600
2019-04-09,,20190900,189.68,20190600
2019-04-10,,20190900,190.36,20190600
2019-04-11,,20190900,189.42,20190600
2019-04-12,,20190900,186.66,20190600
2019-04-15,,20190900,186.3,20190600
2019-04-16,,20190900,186.08,20190600
2019-04-17,,20190900,185.48,20190600
2019-04-18,,20190900,187.96,20190600
2019-04-22,,20190900,187.96,20190600
2019-04-23,,20190900,187.43,20190600
2019-04-24,,20190900,189.78,20190600
2019-04-25,,20190900,189.42,20190600
2019-04-26,,20190900,189.82,20190600
2019-04-29,,20190900,189.16,20190600
2019-04-30,,20190900,188.74,20190600
2019-05-01,,20190900,188.74,20190600
2019-05-02,,20190900,188.34,20190600
2019-05-03,,20190900,188.46,20190600
2019-05-06,,20190900,188.68,20190600
2019-05-07,,20190900,190.16,20190600
2019-05-08,,20190900,190.86,20190600
2019-05-09,,20190900,190.96,20190600
2019-05-10,,20190900,190.78,20190600
2019-05-13,,20190900,191.9,20190600
2019-05-14,,20190900,192.3,20190600
2019-05-15,,20190900,193.6,20190600
2019-05-16,,20190900,193.38,20190600
2019-05-17,,20190900,193.4,20190600
2019-05-20,,20190900,192.58,20190600
2019-05-21,,20190900,191.38,20190600
2019-05-22,,20190900,191.9,20190600
2019-05-23,,20190900,193.2,20190600
2019-05-24,,20190900,193.44,20190600
2019-05-27,,20190900,194.86,20190600
2019-05-28,,20190900,195.24,20190600
2019-05-29,,20190900,196.14,20190600
2019-05-30,,20190900,195.98,20190600
2019-05-31,,20190900,197.48,20190600
2019-06-03,196.66,20190900,198.18,20190600
2019-06-04,,20191200,197.16,20190900
2019-06-05,,20191200,197.26,20190900
2019-06-06,,20191200,199.04,20190900
2019-06-07,,20191200,200.38,20190900
2019-06-10,,20191200,197.38,20190900
2019-06-11,,20191200,198.23,20190900
2019-06-12,,20191200,198.68,20190900
2019-06-13,,20191200,199.28,20190900
2019-06-14,,20191200,200.74,20190900
2019-06-17,,20191200,199.62,20190900
2019-06-18,,20191200,203.08,20190900
2019-06-19,,20191200,201.5,20190900
2019-06-20,,20191200,203.52,20190900
2019-06-21,,20191200,201.66,20190900
2019-06-24,,20191200,202.96,20190900
2019-06-25,,20191200,203.98,20190900
2019-06-26,,20191200,202.9,20190900
2019-06-27,,20191200,203.08,20190900
2019-06-28,,20191200,202.84,20190900
2019-07-01,,20191200,204.06,20190900
2019-07-02,,20191200,203.57,20190900
2019-07-03,,20191200,205.43,20190900
2019-07-04,,20191200,205.74,20190900
2019-07-05,,20191200,203.58,20190900
2019-07-08,,20191200,204.74,20190900
2019-07-09,,20191200,203.64,20190900
2019-07-10,,20191200,201.58,20190900
2019-07-11,,20191200,198.68,20190900
2019-07-12,,20191200,198.4,20190900
2019-07-15,,20191200,200.56,20190900
2019-07-16,,20191200,200.8,20190900
2019-07-17,,20191200,202.4,20190900
2019-07-18,,20191200,202.96,20190900
2019-07-19,,20191200,202.72,20190900
2019-07-22,,20191200,204.03,20190900
2019-07-23,,20191200,204.18,20190900
2019-07-24,,20191200,205.7,20190900
2019-07-25,,20191200,204.66,20190900
2019-07-26,,20191200,205.68,20190900
2019-07-29,,20191200,206.62,20190900
2019-07-30,,20191200,207.08,20190900
2019-07-31,,20191200,209.3,20190900
2019-08-01,,20191200,211.22,20190900
2019-08-02,,20191200,213.34,20190900
2019-08-06,,20191200,215.86,20190900
2019-08-07,,20191200,218.68,20190900
2019-08-08,,20191200,216.16,20190900
2019-08-09,,20191200,217.22,20190900
2019-08-12,,20191200,218.54,20190900
2019-08-13,,20191200,220.08,20190900
2019-08-14,,20191200,222.22,20190900
2019-08-15,,20191200,225.88,20190900
2019-08-16,,20191200,223.58,20190900
2019-08-19,,20191200,220.4,20190900
2019-08-20,,20191200,222.24,20190900
2019-08-21,,20191200,222.18,20190900
2019-08-22,,20191200,220.14,20190900
2019-08-23,,20191200,221.24,20190900
2019-08-26,,20191200,221.24,20190900
2019-08-27,,20191200,224.26,20190900
2019-08-28,,20191200,226.48,20190900
2019-08-29,,20191200,224.18,20190900
2019-08-30,,20191200,224.04,20190900
2019-09-02,221.32,20191200,222.96,20190900
2019-09-03,,20200300,223.94,20191200
2019-09-04,,20200300,220.98,20191200
2019-09-05,,20200300,215.06,20191200
2019-09-06,,20200300,218.0,20191200
2019-09-09,,20200300,213.84,20191200
2019-09-10,,20200300,212.84,20191200
2019-09-11,,20200300,213.8,20191200
2019-09-12,,20200300,213.96,20191200
2019-09-13,,20200300,208.72,20191200
2019-09-16,,20200300,210.56,20191200
2019-09-17,,20200300,210.96,20191200
2019-09-18,,20200300,213.46,20191200
2019-09-19,,20200300,213.9,20191200
2019-09-20,,20200300,214.88,20191200
2019-09-23,,20200300,218.76,20191200
2019-09-24,,20200300,220.12,20191200
2019-09-25,,20200300,219.24,20191200
2019-09-26,,20200300,219.34,20191200
2019-09-27,,20200300,218.12,20191200
2019-09-30,,20200300,217.54,20191200
2019-10-01,,20200300,217.06,20191200
2019-10-02,,20200300,215.72,20191200
2019-10-03,,20200300,217.96,20191200
2019-10-04,,20200300,217.54,20191200
2019-10-07,,20200300,217.18,20191200
2019-10-08,,20200300,217.9,20191200
2019-10-09,,20200300,216.0,20191200
2019-10-10,,20200300,213.04,20191200
2019-10-11,,20200300,210.34,20191200
2019-10-14,,20200300,211.5,20191200
2019-10-15,,20200300,209.34,20191200
2019-10-16,,20200300,208.24,20191200
2019-10-17,,20200300,209.2,20191200
2019-10-18,,20200300,208.16,20191200
2019-10-21,,20200300,205.94,20191200
2019-10-22,,20200300,207.82,20191200
2019-10-23,,20200300,209.88,20191200
2019-10-24,,20200300,210.0,20191200
2019-10-25,,20200300,208.18,20191200
2019-10-28,,20200300,205.8,20191200
2019-10-29,,20200300,207.18,20191200
2019-10-30,,20200300,207.28,20191200
2019-10-31,,20200300,209.96,20191200
2019-11-01,,20200300,208.14,20191200
2019-11-04,,20200300,206.4,20191200
2019-11-05,,20200300,205.14,20191200
2019-11-06,,20200300,206.18,20191200
2019-11-07,,20200300,202.6,20191200
2019-11-08,,20200300,203.32,20191200
2019-11-11,,20200300,202.66,20191200
2019-11-12,,20200300,202.5,20191200
2019-11-13,,20200300,205.46,20191200
2019-11-14,,20200300,207.52,20191200
2019-11-15,,20200300,207.0,20191200
2019-11-18,,20200300,206.82,20191200
2019-11-19,,20200300,207.04,20191200
2019-11-20,,20200300,207.58,20191200
2019-11-21,,20200300,206.56,20191200
2019-11-22,,20200300,208.16,20191200
2019-11-25,,20200300,207.46,20191200
2019-11-26,,20200300,208.38,20191200
2019-11-27,,20200300,208.7,20191200
2019-11-28,,20200300,208.4,20191200
2019-11-29,,20200300,208.28,20191200
2019-12-02,202.66,20200300,204.24,20191200
2019-12-03,,20200600,206.08,20200300
2019-12-04,,20200600,204.7,20200300
2019-12-05,,20200600,203.9,20200300
2019-12-06,,20200600,203.38,20200300
2019-12-09,,20200600,203.82,20200300
2019-12-10,,20200600,203.5,20200300
2019-12-11,,20200600,204.5,20200300
2019-12-12,,20200600,202.02,20200300
2019-12-13,,20200600,203.56,20200300
2019-12-16,,20200600,202.74,20200300
2019-12-17,,20200600,203.7,20200300
2019-12-18,,20200600,201.88,20200300
2019-12-19,,20200600,201.08,20200300
2019-12-20,,20200600,201.56,20200300
2019-12-23,,20200600,201.14,20200300
2019-12-24,,20200600,201.04,20200300
2019-12-26,,20200600,201.04,20200300
2019-12-27,,20200600,201.46,20200300
2019-12-30,,20200600,198.42,20200300
2019-12-31,,20200600,199.39,20200300
2020-01-02,,20200600,200.6,20200300
2020-01-03,,20200600,202.9,20200300
2020-01-06,,20200600,203.04,20200300
2020-01-07,,20200600,202.5,20200300
2020-01-08,,20200600,201.28,20200300
2020-01-09,,20200600,199.74,20200300
2020-01-10,,20200600,200.18,20200300
2020-01-13,,20200600,198.24,20200300
2020-01-14,,20200600,199.26,20200300
2020-01-15,,20200600,200.54,20200300
2020-01-16,,20200600,201.2,20200300
2020-01-17,,20200600,200.82,20200300
2020-01-20,,20200600,200.92,20200300
2020-01-21,,20200600,202.74,20200300
2020-01-22,,20200600,203.04,20200300
2020-01-23,,20200600,204.72,20200300
2020-01-24,,20200600,205.38,20200300
2020-01-27,,20200600,208.24,20200300
2020-01-28,,20200600,206.74,20200300
2020-01-29,,20200600,207.88,20200300
2020-01-30,,20200600,209.5,20200300
2020-01-31,,20200600,210.88,20200300
2020-02-03,,20200600,210.18,20200300
2020-02-04,,20200600,208.98,20200300
2020-02-05,,20200600,206.8,20200300
2020-02-06,,20200600,206.38,20200300
2020-02-07,,20200600,207.7,20200300
2020-02-10,,20200600,208.78,20200300
2020-02-11,,20200600,207.7,20200300
2020-02-12,,20200600,207.18,20200300
2020-02-13,,20200600,208.18,20200300
2020-02-14,,20200600,208.78,20200300
2020-02-17,,20200600,208.62,20200300
2020-02-18,,20200600,208.82,20200300
2020-02-19,,20200600,209.36,20200300
2020-02-20,,20200600,211.15,20200300
2020-02-21,,20200600,211.76,20200300
2020-02-24,,20200600,213.34,20200300
2020-02-25,,20200600,215.04,20200300
2020-02-26,,20200600,213.5,20200300
2020-02-27,,20200600,215.82,20200300
2020-03-02,219.36,20200600,220.98,20200300
2020-03-04,,20200900,218.7,20200600
2020-03-05,,20200900,220.4,20200600
2020-03-06,,20200900,224.42,20200600
2020-03-09,,20200900,233.68,20200600
2020-03-10,,20200900,232.08,20200600
2020-03-11,,20200900,231.2,20200600
2020-03-12,,20200900,229.74,20200600
2020-03-13,,20200900,222.46,20200600
2020-03-16,,20200900,217.94,20200600
2020-03-17,,20200900,217.44,20200600
2020-03-18,,20200900,207.42,20200600
2020-03-19,,20200900,205.64,20200600
2020-03-20,,20200900,211.6,20200600
2020-03-23,,20200900,212.96,20200600
2020-03-24,,20200900,209.26,20200600
2020-03-25,,20200900,204.86,20200600
2020-03-26,,20200900,207.06,20200600
2020-03-27,,20200900,212.5,20200600
2020-03-30,,20200900,212.72,20200600
2020-03-31,,20200900,210.64,20200600
2020-04-01,,20200900,211.86,20200600
2020-04-02,,20200900,212.8,20200600
2020-04-03,,20200900,213.3,20200600
2020-04-06,,20200900,212.02,20200600
2020-04-07,,20200900,207.8,20200600
2020-04-08,,20200900,207.46,20200600
2020-04-09,,20200900,208.66,20200600
2020-04-13,,20200900,208.66,20200600
2020-04-14,,20200900,210.0,20200600
2020-04-15,,20200900,214.7,20200600
2020-04-16,,20200900,214.68,20200600
2020-04-17,,20200900,214.0,20200600
2020-04-20,,20200900,212.66,20200600
2020-04-21,,20200900,214.5,20200600
2020-04-22,,20200900,211.88,20200600
2020-04-23,,20200900,212.74,20200600
2020-04-24,,20200900,215.16,20200600
2020-04-27,,20200900,214.0,20200600
2020-04-28,,20200900,214.04,20200600
2020-04-29,,20200900,215.04,20200600
2020-04-30,,20200900,218.92,20200600
2020-05-01,,20200900,218.92,20200600
2020-05-04,,20200900,216.9,20200600
2020-05-05,,20200900,217.14,20200600
2020-05-06,,20200900,213.94,20200600
2020-05-07,,20200900,215.22,20200600
2020-05-08,,20200900,214.56,20200600
2020-05-11,,20200900,213.58,20200600
2020-05-12,,20200900,214.14,20200600
2020-05-13,,20200900,215.66,20200600
2020-05-14,,20200900,216.22,20200600
2020-05-15,,20200900,215.82,20200600
2020-05-18,,20200900,212.64,20200600
2020-05-19,,20200900,213.3,20200600
2020-05-20,,20200900,213.76,20200600
2020-05-21,,20200900,214.48,20200600
2020-05-22,,20200900,213.98,20200600
2020-05-25,,20200900,214.06,20200600
2020-05-26,,20200900,211.44,20200600
2020-05-27,,20200900,211.2,20200600
2020-05-28,,20200900,210.64,20200600
2020-05-29,,20200900,212.04,20200600
2020-06-01,,20200900,208.4,20200600
2020-06-02,216.18,20200900,209.58,20200600
2020-06-03,,20201200,213.14,20200900
2020-06-04,,20201200,210.14,20200900
2020-06-05,,20201200,207.56,20200900
2020-06-08,,20201200,210.0,20200900
2020-06-09,,20201200,210.64,20200900
2020-06-10,,20201200,211.94,20200900
2020-06-11,,20201200,216.42,20200900
2020-06-12,,20201200,217.14,20200900
2020-06-15,,20201200,217.44,20200900
2020-06-16,,20201200,216.54,20200900
2020-06-17,,20201200,216.5,20200900
2020-06-18,,20201200,218.42,20200900
2020-06-19,,20201200,218.44,20200900
2020-06-22,,20201200,219.02,20200900
2020-06-23,,20201200,215.86,20200900
2020-06-24,,20201200,218.48,20200900
2020-06-25,,20201200,220.64,20200900
2020-06-26,,20201200,221.04,20200900
2020-06-29,,20201200,220.72,20200900
2020-06-30,,20201200,220.02,20200900
2020-07-01,,20201200,216.14,20200900
2020-07-02,,20201200,218.12,20200900
2020-07-03,,20201200,217.74,20200900
2020-07-06,,20201200,217.66,20200900
2020-07-07,,20201200,218.28,20200900
2020-07-08,,20201200,219.62,20200900
2020-07-09,,20201200,221.06,20200900
2020-07-10,,20201200,221.9,20200900
2020-07-13,,20201200,218.6,20200900
2020-07-14,,20201200,220.72,20200900
2020-07-15,,20201200,220.14,20200900
2020-07-16,,20201200,221.12,20200900
2020-07-17,,20201200,219.62,20200900
2020-07-20,,20201200,220.54,20200900
2020-07-21,,20201200,220.48,20200900
2020-07-22,,20201200,222.32,20200900
2020-07-23,,20201200,222.22,20200900
2020-07-24,,20201200,220.56,20200900
2020-07-27,,20201200,222.86,20200900
2020-07-28,,20201200,224.0,20200900
2020-07-29,,20201200,223.16,20200900
2020-07-30,,20201200,225.66,20200900
2020-07-31,,20201200,224.84,20200900
2020-08-03,,20201200,224.14,20200900
2020-08-04,,20201200,226.36,20200900
2020-08-05,,20201200,223.72,20200900
2020-08-06,,20201200,225.14,20200900
2020-08-07,,20201200,223.76,20200900
2020-08-10,,20201200,224.58,20200900
2020-08-11,,20201200,221.44,20200900
2020-08-12,,20201200,220.08,20200900
2020-08-13,,20201200,218.24,20200900
2020-08-14,,20201200,218.74,20200900
2020-08-17,,20201200,220.02,20200900
2020-08-18,,20201200,220.82,20200900
2020-08-19,,20201200,221.32,20200900
2020-08-20,,20201200,222.74,20200900
2020-08-21,,20201200,222.84,20200900
2020-08-24,,20201200,222.46,20200900
2020-08-25,,20201200,218.62,20200900
2020-08-26,,20201200,217.82,20200900
2020-08-27,,20201200,216.3,20200900
2020-08-28,,20201200,216.72,20200900
2020-08-31,,20201200,216.86,20200900
2020-09-01,,20201200,217.24,20200900
2020-09-02,218.98,20201200,220.58,20200900
2020-09-03,,20210300,220.4,20201200
2020-09-04,,20210300,219.52,20201200
2020-09-07,,20210300,218.2,20201200
2020-09-08,,20210300,220.22,20201200
2020-09-09,,20210300,218.34,20201200
2020-09-10,,20210300,217.14,20201200
2020-09-11,,20210300,219.84,20201200
2020-09-14,,20210300,219.74,20201200
2020-09-15,,20210300,219.86,20201200
2020-09-16,,20210300,219.86,20201200
2020-09-17,,20210300,221.06,20201200
2020-09-18,,20210300,220.2,20201200
2020-09-21,,20210300,222.46,20201200
2020-09-22,,20210300,221.38,20201200
2020-09-23,,20210300,220.56,20201200
2020-09-24,,20210300,221.62,20201200
2020-09-25,,20210300,222.9,20201200
2020-09-28,,20210300,222.58,20201200
2020-09-29,,20210300,223.82,20201200
2020-09-30,,20210300,222.7,20201200
2020-10-01,,20210300,223.06,20201200
2020-10-02,,20210300,222.78,20201200
2020-10-05,,20210300,222.54,20201200
2020-10-06,,20210300,221.7,20201200
2020-10-07,,20210300,221.2,20201200
2020-10-08,,20210300,222.54,20201200
2020-10-09,,20210300,222.74,20201200
2020-10-12,,20210300,223.46,20201200
2020-10-13,,20210300,224.44,20201200
2020-10-14,,20210300,225.48,20201200
2020-10-15,,20210300,228.0,20201200
2020-10-16,,20210300,228.06,20201200
2020-10-19,,20210300,227.96,20201200
2020-10-20,,20210300,227.2,20201200
2020-10-21,,20210300,227.2,20201200
2020-10-22,,20210300,224.82,20201200
2020-10-23,,20210300,225.16,20201200
2020-10-26,,20210300,225.32,20201200
2020-10-27,,20210300,227.58,20201200
2020-10-28,,20210300,228.44,20201200
2020-10-29,,20210300,229.12,20201200
2020-10-30,,20210300,228.76,20201200
2020-11-02,,20210300,228.96,20201200
2020-11-03,,20210300,228.42,20201200
2020-11-04,,20210300,229.54,20201200
2020-11-05,,20210300,229.16,20201200
2020-11-06,,20210300,227.62,20201200
2020-11-09,,20210300,221.74,20201200
2020-11-10,,20210300,220.88,20201200
2020-11-11,,20210300,221.8,20201200
2020-11-12,,20210300,223.6,20201200
2020-11-13,,20210300,224.44,20201200
2020-11-16,,20210300,224.82,20201200
2020-11-17,,20210300,226.01,20201200
2020-11-18,,20210300,225.86,20201200
2020-11-19,,20210300,226.86,20201200
2020-11-20,,20210300,227.1,20201200
2020-11-23,,20210300,226.22,20201200
2020-11-24,,20210300,225.98,20201200
2020-11-25,,20210300,226.26,20201200
2020-11-26,,20210300,227.0,20201200
2020-11-27,,20210300,227.16,20201200
2020-11-30,,20210300,226.56,20201200
2020-12-01,222.34,20210300,224.0,20201200
2020-12-02,221.9,20210300,223.56,20201200
2020-12-03,,20210600,223.34,20210300
2020-12-04,,20210600,222.59,20210300
2020-12-07,,20210600,224.58,20210300
2020-12-08,,20210600,226.1,20210300
2020-12-09,,20210600,225.83,20210300
2020-12-10,,20210600,225.94,20210300
2020-12-11,,20210600,228.54,20210300
2020-12-14,,20210600,227.38,20210300
2020-12-15,,20210600,226.94,20210300
2020-12-16,,20210600,224.98,20210300
2020-12-17,,20210600,225.2,20210300
2020-12-18,,20210600,225.12,20210300
2020-12-21,,20210600,226.02,20210300
2020-12-22,,20210600,226.78,20210300
2020-12-23,,20210600,224.58,20210300
2020-12-24,,20210600,224.84,20210300
2020-12-28,,20210600,224.72,20210300
2020-12-29,,20210600,225.54,20210300
2020-12-30,,20210600,225.24,20210300
2020-12-31,,20210600,225.46,20210300
2021-01-04,,20210600,226.46,20210300
2021-01-05,,20210600,225.92,20210300
2021-01-06,,20210600,223.84,20210300
2021-01-07,,20210600,223.2,20210300
2021-01-08,,20210600,223.54,20210300
2021-01-11,,20210600,222.08,20210300
2021-01-12,,20210600,220.74,20210300
2021-01-13,,20210600,223.64,20210300
2021-01-14,,20210600,224.9,20210300
2021-01-15,,20210600,224.04,20210300
2021-01-18,,20210600,223.06,20210300
2021-01-19,,20210600,223.36,20210300
2021-01-20,,20210600,223.22,20210300
2021-01-21,,20210600,221.44,20210300
2021-01-22,,20210600,222.24,20210300
2021-01-25,,20210600,224.26,20210300
2021-01-26,,20210600,223.08,20210300
2021-01-27,,20210600,223.14,20210300
2021-01-28,,20210600,222.46,20210300
2021-01-29,,20210600,221.52,20210300
2021-02-01,,20210600,221.22,20210300
2021-02-02,,20210600,219.64,20210300
2021-02-03,,20210600,218.36,20210300
2021-02-04,,20210600,217.8,20210300
2021-02-05,,20210600,217.2,20210300
2021-02-08,,20210600,216.92,20210300
2021-02-09,,20210600,217.18,20210300
2021-02-10,,20210600,216.38,20210300
2021-02-11,,20210600,217.1,20210300
2021-02-12,,20210600,214.94,20210300
2021-02-15,,20210600,212.8,20210300
2021-02-16,,20210600,211.18,20210300
2021-02-17,,20210600,212.32,20210300
2021-02-18,,20210600,211.26,20210300
2021-02-19,,20210600,209.14,20210300
2021-02-22,,20210600,211.26,20210300
2021-02-23,,20210600,210.16,20210300
2021-02-24,,20210600,209.1,20210300
2021-02-25,,20210600,207.3,20210300
2021-02-26,,20210600,209.82,20210300
2021-03-01,,20210600,212.06,20210300
2021-03-02,209.9,20210600,211.54,20210300
2021-03-03,,20210900,207.1,20210600
2021-03-04,,20210900,207.92,20210600
2021-03-05,,20210900,207.74,20210600
2021-03-08,,20210900,207.16,20210600
2021-03-09,,20210900,208.1,20210600
2021-03-10,,20210900,208.56,20210600
2021-03-11,,20210900,208.84,20210600
2021-03-12,,20210900,206.76,20210600
2021-03-15,,20210900,208.12,20210600
2021-03-16,,20210900,208.14,20210600
2021-03-17,,20210900,205.64,20210600
2021-03-18,,20210900,204.06,20210600
2021-03-19,,20210900,205.1,20210600
2021-03-22,,20210900,205.82,20210600
2021-03-23,,20210900,207.22,20210600
2021-03-24,,20210900,208.14,20210600
2021-03-25,,20210900,209.6,20210600
2021-03-26,,20210900,208.12,20210600
2021-03-29,,20210900,206.38,20210600
2021-03-30,,20210900,205.18,20210600
2021-03-31,,20210900,206.04,20210600
2021-04-01,,20210900,207.48,20210600
2021-04-05,,20210900,207.48,20210600
2021-04-06,,20210900,207.1,20210600
2021-04-07,,20210900,206.8,20210600
2021-04-08,,20210900,207.42,20210600
2021-04-09,,20210900,206.5,20210600
2021-04-12,,20210900,206.0,20210600
2021-04-13,,20210900,205.72,20210600
2021-04-14,,20210900,204.74,20210600
2021-04-15,,20210900,205.98,20210600
2021-04-16,,20210900,204.8,20210600
2021-04-19,,20210900,203.92,20210600
2021-04-20,,20210900,204.74,20210600
2021-04-21,,20210900,205.16,20210600
2021-04-22,,20210900,205.52,20210600
2021-04-23,,20210900,204.88,20210600
2021-04-26,203.28,20210900,204.92,20210600
2021-04-27,203.14,20210900,204.78,20210600
2021-04-28,202.24,20210900,203.86,20210600
2021-04-29,200.2,20210900,201.84,20210600
2021-04-30,200.26,20210900,201.9,20210600
2021-05-03,200.5,20210900,202.14,20210600
2021-05-04,201.94,20210900,203.56,20210600
2021-05-05,201.42,20210900,203.06,20210600
2021-05-06,201.12,20210900,202.74,20210600
2021-05-07,200.78,20210900,202.4,20210600
2021-05-10,200.34,20210900,201.96,20210600
2021-05-11,198.3,20210900,199.94,20210600
2021-05-12,196.86,20210900,198.5,20210600
2021-05-13,197.28,20210900,198.92,20210600
2021-05-14,197.34,20210900,198.98,20210600
2021-05-17,196.8,20210900,198.44,20210600
2021-05-18,196.1,20210900,197.72,20210600
2021-05-19,196.88,20210900,198.5,20210600
2021-05-20,197.16,20210900,198.8,20210600
2021-05-21,197.74,20210900,199.4,20210600
2021-05-24,198.02,20210900,199.66,20210600
2021-05-25,198.86,20210900,200.5,20210600
2021-05-26,200.78,20210900,202.42,20210600
2021-05-27,199.1,20210900,200.74,20210600
2021-05-28,199.34,20210900,200.98,20210600
2021-05-31,200.04,20210900,201.7,20210600
2021-06-01,199.24,20210900,200.9,20210600
2021-06-02,200.04,20210900,201.7,20210600
2021-06-03,,20211200,199.56,20210900
2021-06-04,,20211200,200.72,20210900
2021-06-07,,20211200,200.46,20210900
2021-06-08,,20211200,201.56,20210900
2021-06-09,201.2,20211200,202.62,20210900
2021-06-10,201.46,20211200,202.34,20210900
2021-06-11,201.7,20211200,203.28,20210900
2021-06-14,201.02,20211200,202.6,20210900
2021-06-15,200.4,20211200,202.02,20210900
2021-06-16,201.02,20211200,202.64,20210900
2021-06-17,201.82,20211200,203.44,20210900
2021-06-18,203.16,20211200,204.78,20210900
2021-06-21,201.52,20211200,203.14,20210900
2021-06-22,200.62,20211200,202.22,20210900
2021-06-23,200.98,20211200,202.6,20210900
2021-06-24,201.18,20211200,202.8,20210900
2021-06-25,199.34,20211200,200.96,20210900
2021-06-28,200.58,20211200,202.2,20210900
2021-06-29,199.94,20211200,201.54,20210900
2021-06-30,201.62,20211200,203.22,20210900
2021-07-01,201.18,20211200,202.8,20210900
2021-07-02,202.52,20211200,204.14,20210900
2021-07-05,201.56,20211200,203.18,20210900
2021-07-06,204.56,20211200,206.18,20210900
2021-07-07,206.1,20211200,207.72,20210900
2021-07-08,206.44,20211200,208.06,20210900
2021-07-09,205.18,20211200,206.8,20210900
2021-07-12,205.48,20211200,207.1,20210900
2021-07-13,205.66,20211200,207.28,20210900
2021-07-14,206.36,20211200,207.98,20210900
2021-07-15,207.44,20211200,209.36,20210900
2021-07-16,208.46,20211200,210.16,20210900
2021-07-19,210.8,20211200,212.12,20210900
2021-07-20,212.02,20211200,213.66,20210900
2021-07-21,210.52,20211200,212.16,20210900
2021-07-22,211.58,20211200,213.22,20210900
2021-07-23,211.24,20211200,212.88,20210900
2021-07-26,211.32,20211200,212.96,20210900
2021-07-27,212.46,20211200,214.1,20210900
2021-07-28,212.5,20211200,214.16,20210900
2021-07-29,212.8,20211200,214.44,20210900
2021-07-30,213.4,20211200,215.04,20210900
2021-08-02,214.64,20211200,216.3,20210900
2021-08-03,214.8,20211200,216.46,20210900
2021-08-04,216.04,20211200,217.72,20210900
2021-08-05,216.4,20211200,218.06,20210900
2021-08-06,214.38,20211200,216.04,20210900
2021-08-09,214.88,20211200,216.54,20210900
2021-08-10,214.72,20211200,216.36,20210900
2021-08-11,214.74,20211200,216.36,20210900
2021-08-12,214.88,20211200,216.54,20210900
2021-08-13,215.3,20211200,216.96,20210900
2021-08-16,215.28,20211200,216.92,20210900
2021-08-17,215.38,20211200,217.02,20210900
2021-08-18,216.0,20211200,217.68,20210900
2021-08-19,216.68,20211200,218.36,20210900
2021-08-20,216.82,20211200,218.5,20210900
2021-08-23,215.88,20211200,217.56,20210900
2021-08-24,215.64,20211200,217.16,20210900
2021-08-25,212.56,20211200,214.26,20210900
2021-08-26,212.38,20211200,213.96,20210900
2021-08-27,212.58,20211200,214.32,20210900
2021-08-30,213.34,20220300,213.54,20211200
2021-08-31,,20220300,210.76,20211200
2021-09-01,,20220300,209.88,20211200
2021-09-02,,20220300,209.94,20211200
2021-09-03,207.36,20220300,208.86,20211200
2021-09-06,,20220300,209.06,20211200
2021-09-07,,20220300,207.38,20211200
2021-09-08,,20220300,208.06,20211200
2021-09-09,206.46,20220300,210.22,20211200
2021-09-10,207.06,20220300,208.44,20211200
2021-09-13,,20220300,208.0,20211200
2021-09-14,,20220300,208.88,20211200
2021-09-15,,20220300,207.28,20211200
2021-09-16,,20220300,206.54,20211200
2021-09-17,,20220300,205.86,20211200
2021-09-20,,20220300,208.02,20211200
2021-09-21,,20220300,207.98,20211200
2021-09-22,,20220300,208.8,20211200
2021-09-23,204.08,20220300,205.52,20211200
2021-09-24,,20220300,203.92,20211200
2021-09-27,,20220300,204.44,20211200
2021-09-28,,20220300,203.7,20211200
2021-09-29,,20220300,204.28,20211200
2021-09-30,,20220300,203.68,20211200
2021-10-01,,20220300,204.44,20211200
2021-10-04,,20220300,203.9,20211200
2021-10-05,,20220300,202.8,20211200
2021-10-06,,20220300,202.24,20211200
2021-10-07,,20220300,202.24,20211200
2021-10-08,,20220300,201.12,20211200
2021-10-11,198.44,20220300,199.96,20211200
2021-10-12,,20220300,200.04,20211200
2021-10-13,,20220300,203.14,20211200
2021-10-14,,20220300,204.98,20211200
2021-10-15,,20220300,204.18,20211200
2021-10-18,204.9,20220300,206.6,20211200
2021-10-19,202.36,20220300,203.52,20211200
2021-10-20,202.02,20220300,203.0,20211200
2021-10-21,202.16,20220300,204.04,20211200
2021-10-22,,20220300,205.66,20211200
2021-10-25,,20220300,204.34,20211200
2021-10-26,,20220300,206.04,20211200
2021-10-27,208.18,20220300,209.72,20211200
2021-10-28,207.28,20220300,210.0,20211200
2021-10-29,,20220300,209.68,20211200
2021-11-01,206.7,20220300,208.62,20211200
2021-11-02,206.74,20220300,208.18,20211200
2021-11-03,206.0,20220300,207.6,20211200
2021-11-04,207.38,20220300,208.94,20211200
2021-11-05,210.88,20220300,212.24,20211200
2021-11-08,209.94,20220300,211.02,20211200
2021-11-09,213.3,20220300,215.0,20211200
2021-11-10,211.44,20220300,212.62,20211200
2021-11-11,210.88,20220300,212.74,20211200
2021-11-12,211.5,20220300,213.4,20211200
2021-11-15,210.26,20220300,211.74,20211200
2021-11-16,210.14,20220300,211.68,20211200
2021-11-17,209.52,20220300,212.66,20211200
2021-11-18,212.36,20220300,214.52,20211200
2021-11-19,214.2,20220300,216.24,20211200
2021-11-22,212.52,20220300,214.14,20211200
2021-11-23,209.56,20220300,211.3,20211200
2021-11-24,209.4,20220300,211.18,20211200
2021-11-25,210.56,20220300,212.44,20211200
2021-11-26,213.96,20220300,215.7,20211200
2021-11-29,213.46,20220300,215.26,20211200
2021-11-30,216.8,20220300,218.42,20211200
2021-12-01,217.02,20220300,218.88,20211200
2021-12-02,217.04,20220600,217.54,20220300
2021-12-03,,20220600,218.66,20220300
2021-12-06,,20220600,217.58,20220300
2021-12-07,,20220600,217.84,20220300
2021-12-08,,20220600,214.96,20220300
2021-12-09,,20220600,215.78,20220300
2021-12-10,,20220600,215.16,20220300
2021-12-13,,20220600,217.24,20220300
2021-12-14,,20220600,216.76,20220300
2021-12-15,,20220600,215.74,20220300
2021-12-16,,20220600,214.66,20220300
2021-12-17,,20220600,215.96,20220300
2021-12-20,,20220600,214.54,20220300
2021-12-21,,20220600,211.66,20220300
2021-12-22,,20220600,211.62,20220300
2021-12-23,207.54,20220600,209.26,20220300
2021-12-27,208.18,20220600,209.68,20220300
2021-12-28,208.32,20220600,209.52,20220300
2021-12-29,205.38,20220600,207.1,20220300
2021-12-30,205.04,20220600,206.74,20220300
2022-01-03,203.04,20220600,204.0,20220300
2022-01-04,,20220600,204.58,20220300
2022-01-05,202.56,20220600,203.42,20220300
2022-01-06,202.08,20220600,204.4,20220300
2022-01-07,201.68,20220600,203.42,20220300
2022-01-10,201.32,20220600,203.12,20220300
2022-01-11,201.04,20220600,202.88,20220300
2022-01-12,,20220600,204.24,20220300
2022-01-13,204.44,20220600,207.16,20220300
2022-01-14,202.76,20220600,204.18,20220300
2022-01-17,201.92,20220600,203.72,20220300
2022-01-18,201.6,20220600,202.68,20220300
2022-01-19,,20220600,202.7,20220300
2022-01-20,202.24,20220600,204.3,20220300
2022-01-21,,20220600,205.62,20220300
2022-01-24,204.88,20220600,205.86,20220300
2022-01-25,204.1,20220600,204.96,20220300
2022-01-26,202.86,20220600,203.64,20220300
2022-01-27,203.72,20220600,205.64,20220300
2022-01-28,203.6,20220600,205.16,20220300
2022-01-31,,20220600,203.26,20220300
2022-02-01,200.28,20220600,202.26,20220300
2022-02-02,,20220600,202.7,20220300
2022-02-03,198.96,20220600,201.38,20220300
2022-02-04,197.94,20220600,199.68,20220300
2022-02-07,196.5,20220600,198.14,20220300
2022-02-08,193.84,20220600,195.7,20220300
2022-02-09,194.92,20220600,196.72,20220300
2022-02-10,193.3,20220600,195.14,20220300
2022-02-11,196.1,20220600,197.46,20220300
2022-02-14,195.28,20220600,195.04,20220300
2022-02-15,190.68,20220600,192.12,20220300
2022-02-16,191.66,20220600,193.4,20220300
2022-02-17,192.9,20220600,194.96,20220300
2022-02-18,194.44,20220600,196.1,20220300
2022-02-21,195.44,20220600,197.26,20220300
2022-02-22,192.92,20220600,195.2,20220300
2022-02-23,194.22,20220600,196.02,20220300
2022-02-24,195.1,20220600,197.08,20220300
2022-02-25,194.54,20220600,195.8,20220300
2022-02-28,197.5,20220600,199.28,20220300
2022-03-01,220.72,20220900,202.84,20220600
2022-03-02,220.3,20220900,199.98,20220600
2022-03-03,220.24,20220900,201.36,20220600
2022-03-04,,20220900,207.44,20220600
2022-03-07,225.34,20220900,205.94,20220600
2022-03-08,218.82,20220900,200.26,20220600
2022-03-09,215.26,20220900,196.38,20220600
2022-03-10,,20220900,195.36,20220600
2022-03-11,,20220900,196.1,20220600
2022-03-14,212.0,20220900,190.7,20220600
2022-03-15,210.5,20220900,190.94,20220600
2022-03-16,208.7,20220900,190.4,20220600
2022-03-17,208.6,20220900,190.12,20220600
2022-03-18,209.28,20220900,190.68,20220600
2022-03-21,206.22,20220900,186.78,20220600
2022-03-22,205.16,20220900,185.96,20220600
2022-03-23,206.32,20220900,188.48,20220600
2022-03-24,204.64,20220900,185.98,20220600
2022-03-25,203.0,20220900,185.3,20220600
2022-03-28,203.24,20220900,185.08,20220600
2022-03-29,201.14,20220900,183.44,20220600
2022-03-30,200.94,20220900,183.26,20220600
2022-03-31,203.82,20220900,185.72,20220600
2022-04-01,,20220900,185.8,20220600
2022-04-04,204.58,20220900,187.04,20220600
2022-04-05,200.84,20220900,183.92,20220600
2022-04-06,198.04,20220900,181.18,20220600
2022-04-07,197.72,20220900,180.88,20220600
2022-04-08,197.54,20220900,180.5,20220600
2022-04-11,192.88,20220900,176.32,20220600
2022-04-12,192.24,20220900,176.06,20220600
2022-04-13,193.62,20220900,176.52,20220600
2022-04-14,190.44,20220900,174.14,20220600
2022-04-19,184.78,20220900,171.0,20220600
2022-04-20,,20220900,174.22,20220600
2022-04-21,186.14,20220900,172.58,20220600
2022-04-22,186.14,20220900,172.18,20220600
2022-04-25,187.2,20220900,173.64,20220600
2022-04-26,191.3,20220900,175.66,20220600
2022-04-27,190.2,20220900,174.84,20220600
2022-04-28,186.68,20220900,173.06,20220600
2022-04-29,185.58,20220900,171.32,20220600
2022-05-02,183.48,20220900,169.6,20220600
2022-05-03,186.2,20220900,170.52,20220600
2022-05-04,186.5,20220900,171.02,20220600
2022-05-05,182.56,20220900,169.02,20220600
2022-05-06,178.8,20220900,165.92,20220600
2022-05-09,180.12,20220900,167.0,20220600
2022-05-10,183.24,20220900,168.42,20220600
2022-05-11,184.5,20220900,170.74,20220600
2022-05-12,187.04,20220900,171.98,20220600
2022-05-13,185.56,20220900,170.04,20220600
2022-05-16,184.26,20220900,170.18,20220600
2022-05-17,181.6,20220900,168.3,20220600
2022-05-18,183.22,20220900,169.38,20220600
2022-05-19,186.18,20220900,171.16,20220600
2022-05-20,184.64,20220900,170.6,20220600
2022-05-23,180.86,20220900,167.46,20220600
2022-05-24,182.38,20220900,168.3,20220600
2022-05-25,180.64,20220900,167.38,20220600
2022-05-26,178.42,20220900,165.76,20220600
2022-05-27,179.66,20220900,165.9,20220600
2022-05-30,176.78,20220900,164.56,20220600
2022-05-31,173.62,20220900,162.3,20220600
2022-06-01,172.36,20221200,171.56,20220900
2022-06-02,171.24,20221200,170.26,20220900
2022-06-03,170.1,20221200,168.78,20220900
2022-06-06,168.42,20221200,166.56,20220900
2022-06-07,169.62,20221200,168.1,20220900
2022-06-08,164.78,20221200,165.7,20220900
2022-06-09,163.26,20221200,164.66,20220900
2022-06-10,162.54,20221200,164.3,20220900
2022-06-13,,20221200,161.04,20220900
2022-06-14,,20221200,156.06,20220900
2022-06-15,,20221200,159.02,20220900
2022-06-16,,20221200,157.32,20220900
2022-06-17,,20221200,156.26,20220900
2022-06-20,,20221200,153.72,20220900
2022-06-21,,20221200,152.5,20220900
2022-06-22,,20221200,156.74,20220900
2022-06-23,,20221200,161.32,20220900
2022-06-24,,20221200,161.3,20220900
2022-06-27,,20221200,159.7,20220900
2022-06-28,,20221200,156.98,20220900
2022-06-29,,20221200,159.74,20220900
2022-06-30,,20221200,163.12,20220900
2022-07-01,,20221200,165.86,20220900
2022-07-04,,20221200,163.66,20220900
2022-07-05,,20221200,167.4,20220900
2022-07-06,,20221200,166.7,20220900
2022-07-07,,20221200,167.28,20220900
2022-07-08,,20221200,164.6,20220900
2022-07-11,,20221200,166.86,20220900
2022-07-12,,20221200,171.7,20220900
2022-07-13,,20221200,173.36,20220900
2022-07-14,,20221200,173.42,20220900
2022-07-15,,20221200,173.94,20220900
2022-07-18,,20221200,171.72,20220900
2022-07-19,,20221200,169.96,20220900
2022-07-20,,20221200,171.14,20220900
2022-07-21,,20221200,172.54,20220900
2022-07-22,,20221200,176.9,20220900
2022-07-25,177.74,20221200,176.72,20220900
2022-07-26,,20221200,179.68,20220900
2022-07-27,,20221200,179.28,20220900
2022-07-28,178.0,20221200,184.02,20220900
2022-07-29,,20221200,185.04,20220900
2022-08-01,,20221200,187.22,20220900
2022-08-02,,20221200,186.06,20220900
2022-08-03,,20221200,187.06,20220900
2022-08-04,,20221200,187.42,20220900
2022-08-05,180.26,20221200,182.04,20220900
2022-08-08,,20221200,184.04,20220900
2022-08-09,180.78,20221200,182.3,20220900
2022-08-10,183.12,20221200,183.0,20220900
2022-08-11,178.36,20221200,179.0,20220900
2022-08-12,177.46,20221200,180.2,20220900
2022-08-15,180.82,20221200,181.96,20220900
2022-08-16,177.44,20221200,180.1,20220900
2022-08-17,,20221200,177.18,20220900
2022-08-18,174.86,20221200,176.46,20220900
2022-08-19,171.5,20221200,173.12,20220900
2022-08-22,169.04,20221200,171.44,20220900
2022-08-23,167.4,20221200,168.66,20220900
2022-08-24,167.36,20221200,169.16,20220900
2022-08-25,168.2,20221200,170.06,20220900
2022-08-26,166.0,20221200,167.64,20220900
2022-08-29,160.94,20230300,164.28,20221200
2022-08-30,160.16,20230300,163.48,20221200
2022-08-31,159.6,20230300,162.64,20221200
2022-09-01,156.54,20230300,159.4,20221200
2022-09-02,158.16,20230300,160.9,20221200
2022-09-05,157.22,20230300,160.4,20221200
2022-09-06,157.08,20230300,160.18,20221200
2022-09-07,158.48,20230300,161.64,20221200
2022-09-08,155.36,20230300,158.52,20221200
2022-09-09,153.8,20230300,156.96,20221200
2022-09-12,156.64,20230300,159.8,20221200
2022-09-13,154.66,20230300,157.82,20221200
2022-09-14,156.96,20230300,160.12,20221200
2022-09-15,156.76,20230300,159.92,20221200
2022-09-16,155.62,20230300,158.78,20221200
2022-09-19,154.86,20230300,158.02,20221200
2022-09-20,149.94,20230300,153.1,20221200
2022-09-21,152.98,20230300,156.14,20221200
2022-09-22,150.98,20230300,154.14,20221200
2022-09-23,151.72,20230300,154.88,20221200
2022-09-26,150.78,20230300,153.94,20221200
2022-09-27,145.54,20230300,148.24,20221200
2022-09-28,146.56,20230300,148.56,20221200
2022-09-29,143.52,20230300,145.52,20221200
2022-09-30,144.64,20230300,146.64,20221200
2022-10-03,151.32,20230300,153.32,20221200
2022-10-04,151.6,20230300,153.6,20221200
2022-10-05,147.28,20230300,149.28,20221200
2022-10-06,146.92,20230300,148.92,20221200
2022-10-07,143.48,20230300,145.48,20221200
2022-10-10,138.06,20230300,140.06,20221200
2022-10-11,137.8,20230300,139.8,20221200
2022-10-12,134.54,20230300,136.54,20221200
2022-10-13,136.52,20230300,138.52,20221200
2022-10-14,134.6,20230300,136.6,20221200
2022-10-17,137.6,20230300,139.6,20221200
2022-10-18,138.0,20230300,140.0,20221200
2022-10-19,137.34,20230300,139.34,20221200
2022-10-20,136.06,20230300,138.06,20221200
2022-10-21,133.04,20230300,135.04,20221200
2022-10-24,136.42,20230300,138.42,20221200
2022-10-25,142.12,20230300,144.12,20221200
2022-10-26,143.58,20230300,145.58,20221200
2022-10-27,145.64,20230300,147.64,20221200
2022-10-28,145.44,20230300,147.44,20221200
2022-10-31,142.22,20230300,144.22,20221200
2022-11-01,143.58,20230300,144.96,20221200
2022-11-02,144.6,20230300,146.04,20221200
2022-11-03,142.32,20230300,143.52,20221200
2022-11-04,140.92,20230300,142.14,20221200
2022-11-07,140.22,20230300,141.44,20221200
2022-11-08,142.62,20230300,143.76,20221200
2022-11-09,145.06,20230300,146.2,20221200
2022-11-10,149.62,20230300,150.82,20221200
2022-11-11,144.86,20230300,146.18,20221200
2022-11-14,144.54,20230300,145.86,20221200
2022-11-15,146.98,20230300,148.28,20221200
2022-11-16,150.42,20230300,151.64,20221200
2022-11-17,150.94,20230300,152.0,20221200
2022-11-18,151.18,20230300,152.22,20221200
2022-11-21,151.92,20230300,152.98,20221200
2022-11-22,152.02,20230300,153.08,20221200
2022-11-23,153.82,20230600,155.54,20230300
2022-11-24,156.76,20230600,158.5,20230300
2022-11-25,153.62,20230600,155.36,20230300
2022-11-28,153.32,20230600,155.06,20230300
2022-11-29,156.08,20230600,157.86,20230300
2022-11-30,155.46,20230600,157.22,20230300
2022-12-01,158.74,20230600,160.46,20230300
2022-12-02,159.44,20230600,161.12,20230300
2022-12-05,160.06,20230600,161.74,20230300
2022-12-06,161.86,20230600,163.52,20230300
2022-12-07,161.66,20230600,163.26,20230300
2022-12-08,161.88,20230600,163.48,20230300
2022-12-09,158.42,20230600,160.02,20230300
2022-12-12,159.26,20230600,160.86,20230300
2022-12-13,158.8,20230600,160.4,20230300
2022-12-14,155.6,20230600,157.1,20230300
2022-12-15,153.94,20230600,155.0,20230300
2022-12-16,150.62,20230600,151.66,20230300
2022-12-19,148.64,20230600,149.46,20230300
2022-12-20,144.72,20230600,145.54,20230300
2022-12-21,144.4,20230600,145.22,20230300
2022-12-22,143.04,20230600,143.86,20230300
2022-12-23,142.5,20230600,143.32,20230300
2022-12-27,137.32,20230600,138.14,20230300
2022-12-28,137.32,20230600,138.14,20230300
2022-12-29,137.92,20230600,138.74,20230300
2022-12-30,,20230600,136.34,20230300
