,index,adjusted,underlying
0,2017-12-22,19200.0,14250.0
1,2017-12-26,20640.0,15690.0
2,2017-12-27,20085.0,15135.0
3,2017-12-28,19055.0,14105.0
4,2017-12-29,19760.0,14810.0
5,2018-01-02,19740.0,14790.0
6,2018-01-03,19955.0,15005.0
7,2018-01-04,20040.0,15090.0
8,2018-01-05,21790.0,16840.0
9,2018-01-07,21255.0,16305.0
10,2018-01-08,19890.0,14940.0
11,2018-01-09,19240.0,14290.0
12,2018-01-10,19775.0,14825.0
13,2018-01-11,17950.0,13000.0
14,2018-01-12,18760.0,13810.0
15,2018-01-14,18705.0,13755.0
16,2018-01-15,18455.0,13505.0
17,2018-01-16,16250.0,11300.0
18,2018-01-17,16185.0,11235.0
19,2018-01-18,16710.0,11760.0
20,2018-01-19,16480.0,11530.0
21,2018-01-21,16345.0,11395.0
22,2018-01-22,15750.0,10800.0
23,2018-01-23,15800.0,10850.0
24,2018-01-24,16025.0,11260.0
25,2018-01-25,15995.0,11230.0
26,2018-01-26,15650.0,10885.0
27,2018-01-28,16460.0,11695.0
28,2018-01-29,15985.0,11220.0
29,2018-01-30,14705.0,9940.0
30,2018-01-31,14765.0,10000.0
31,2018-02-01,13875.0,9110.0
32,2018-02-02,13255.0,8490.0
33,2018-02-04,12985.0,8220.0
34,2018-02-05,11615.0,6850.0
35,2018-02-06,12590.0,7825.0
36,2018-02-07,12925.0,8160.0
37,2018-02-08,13030.0,8265.0
38,2018-02-09,13240.0,8475.0
39,2018-02-11,12900.0,8135.0
40,2018-02-12,13715.0,8950.0
41,2018-02-13,13285.0,8520.0
42,2018-02-14,14275.0,9510.0
43,2018-02-15,14840.0,10075.0
44,2018-02-16,14910.0,10145.0
45,2018-02-18,15160.0,10395.0
46,2018-02-19,15990.0,11225.0
47,2018-02-20,15965.0,11200.0
48,2018-02-21,15370.0,10655.0
49,2018-02-23,14805.0,10090.0
50,2018-02-26,14970.0,10255.0
51,2018-02-27,15295.0,10580.0
52,2018-02-28,15030.0,10315.0
53,2018-03-01,15690.0,10975.0
54,2018-03-02,15795.0,11080.0
55,2018-03-04,16210.0,11495.0
56,2018-03-05,16145.0,11430.0
57,2018-03-06,15500.0,10785.0
58,2018-03-07,14705.0,9990.0
59,2018-03-08,14070.0,9355.0
60,2018-03-09,13820.0,9105.0
61,2018-03-11,14325.0,9610.0
62,2018-03-12,13485.0,8770.0
63,2018-03-13,13820.0,9105.0
64,2018-03-14,12900.0,8185.0
65,2018-03-15,12980.0,8265.0
66,2018-03-16,13325.0,8610.0
67,2018-03-19,13160.0,8445.0
68,2018-03-20,13700.0,8985.0
69,2018-03-21,13605.0,8890.0
70,2018-03-22,13335.0,8620.0
71,2018-03-23,13320.0,8660.0
72,2018-03-26,12565.0,7905.0
73,2018-03-27,12760.0,8100.0
74,2018-03-28,12560.0,7900.0
75,2018-03-29,11735.0,7075.0
76,2018-04-01,11445.0,6785.0
77,2018-04-02,11540.0,6880.0
78,2018-04-03,12060.0,7400.0
79,2018-04-04,11525.0,6865.0
80,2018-04-05,11470.0,6810.0
81,2018-04-06,11275.0,6615.0
82,2018-04-08,11725.0,7065.0
83,2018-04-09,11295.0,6635.0
84,2018-04-10,11445.0,6785.0
85,2018-04-11,11570.0,6910.0
86,2018-04-12,12400.0,7740.0
87,2018-04-13,12715.0,8055.0
88,2018-04-15,,
89,2018-04-16,12640.0,7980.0
90,2018-04-17,12530.0,7870.0
91,2018-04-18,12780.0,8120.0
92,2018-04-19,12960.0,8300.0
93,2018-04-20,13200.0,8540.0
94,2018-04-22,13560.0,8900.0
95,2018-04-23,13430.0,8850.0
96,2018-04-24,14025.0,9445.0
97,2018-04-25,13600.0,9020.0
98,2018-04-26,13800.0,9220.0
99,2018-04-27,13550.0,8970.0
100,2018-04-29,14010.0,9430.0
101,2018-04-30,13845.0,9265.0
102,2018-05-01,13595.0,9015.0
103,2018-05-02,13830.0,9250.0
104,2018-05-03,14260.0,9680.0
105,2018-05-04,14275.0,9695.0
106,2018-05-06,14275.0,9695.0
107,2018-05-07,13925.0,9345.0
108,2018-05-08,13810.0,9230.0
109,2018-05-09,13840.0,9260.0
110,2018-05-10,13715.0,9135.0
111,2018-05-11,13045.0,8465.0
112,2018-05-13,13315.0,8735.0
113,2018-05-14,13455.0,8875.0
114,2018-05-15,13050.0,8470.0
115,2018-05-16,12945.0,8365.0
116,2018-05-17,12705.0,8125.0
117,2018-05-18,12835.0,8255.0
118,2018-05-20,13150.0,8570.0
119,2018-05-21,12970.0,8390.0
120,2018-05-22,12530.0,7950.0
121,2018-05-23,12140.0,7560.0
122,2018-05-24,12095.0,7545.0
123,2018-05-25,12060.0,7510.0
124,2018-05-28,11885.0,7335.0
125,2018-05-29,12015.0,7465.0
126,2018-05-30,11890.0,7340.0
127,2018-05-31,12145.0,7595.0
128,2018-06-01,12005.0,7455.0
129,2018-06-03,12305.0,7755.0
130,2018-06-04,12065.0,7515.0
131,2018-06-05,12195.0,7645.0
132,2018-06-06,12185.0,7635.0
133,2018-06-07,12255.0,7705.0
134,2018-06-08,12230.0,7680.0
135,2018-06-10,11275.0,6725.0
136,2018-06-11,11295.0,6745.0
137,2018-06-12,11110.0,6560.0
138,2018-06-13,10810.0,6260.0
139,2018-06-14,11230.0,6680.0
140,2018-06-15,11090.0,6540.0
141,2018-06-18,11285.0,6735.0
142,2018-06-19,11295.0,6745.0
143,2018-06-20,11265.0,6715.0
144,2018-06-21,11280.0,6730.0
145,2018-06-22,10570.0,6020.0
146,2018-06-24,10655.0,6105.0
147,2018-06-25,10850.0,6295.0
148,2018-06-26,10735.0,6180.0
149,2018-06-27,10685.0,6130.0
150,2018-06-28,,
151,2018-06-29,10435.0,5880.0
152,2018-07-02,11170.0,6615.0
153,2018-07-03,11070.0,6515.0
154,2018-07-04,11260.0,6705.0
155,2018-07-05,11015.0,6460.0
156,2018-07-06,11130.0,6575.0
157,2018-07-09,11220.0,6665.0
158,2018-07-10,10915.0,6360.0
159,2018-07-11,10875.0,6320.0
160,2018-07-12,10685.0,6130.0
161,2018-07-13,10680.0,6125.0
162,2018-07-16,11220.0,6665.0
163,2018-07-17,11875.0,7320.0
164,2018-07-18,11865.0,7310.0
165,2018-07-19,12045.0,7490.0
166,2018-07-20,11880.0,7325.0
167,2018-07-22,11960.0,7405.0
168,2018-07-23,12290.0,7735.0
169,2018-07-24,12870.0,8335.0
170,2018-07-25,12830.0,8295.0
171,2018-07-26,12450.0,7915.0
172,2018-07-27,12735.0,8200.0
173,2018-07-29,12715.0,8180.0
174,2018-07-30,12685.0,8150.0
175,2018-07-31,12235.0,7700.0
176,2018-08-01,12095.0,7560.0
177,2018-08-02,12060.0,7525.0
178,2018-08-03,11910.0,7375.0
179,2018-08-05,11565.0,7030.0
180,2018-08-06,11435.0,6900.0
181,2018-08-07,11255.0,6720.0
182,2018-08-08,10865.0,6330.0
183,2018-08-09,10980.0,6445.0
184,2018-08-10,10790.0,6255.0
185,2018-08-12,10885.0,6350.0
186,2018-08-13,10810.0,6275.0
187,2018-08-14,10690.0,6155.0
188,2018-08-15,10960.0,6425.0
189,2018-08-16,10910.0,6375.0
190,2018-08-17,10985.0,6450.0
191,2018-08-19,11005.0,6470.0
192,2018-08-20,10795.0,6260.0
193,2018-08-21,10980.0,6445.0
194,2018-08-22,10790.0,6255.0
195,2018-08-23,11040.0,6505.0
196,2018-08-24,11075.0,6575.0
197,2018-08-26,11165.0,6665.0
198,2018-08-27,11225.0,6725.0
199,2018-08-28,11585.0,7085.0
200,2018-08-29,11510.0,7010.0
201,2018-08-30,11350.0,6850.0
202,2018-08-31,11530.0,7030.0
203,2018-09-03,11715.0,7215.0
204,2018-09-04,11855.0,7355.0
205,2018-09-05,11425.0,6925.0
206,2018-09-06,10915.0,6415.0
207,2018-09-07,10910.0,6410.0
208,2018-09-10,10720.0,6220.0
209,2018-09-11,10730.0,6230.0
210,2018-09-12,10785.0,6285.0
211,2018-09-13,10905.0,6405.0
212,2018-09-14,10975.0,6475.0
213,2018-09-17,10680.0,6180.0
214,2018-09-18,10780.0,6280.0
215,2018-09-19,10845.0,6345.0
216,2018-09-20,10995.0,6495.0
217,2018-09-21,11180.0,6685.0
218,2018-09-24,,
219,2018-09-25,,
220,2018-09-26,10995.0,6500.0
221,2018-09-27,11180.0,6685.0
222,2018-09-28,11110.0,6615.0
223,2018-09-30,,
224,2018-10-01,11045.0,6550.0
225,2018-10-02,11000.0,6505.0
226,2018-10-03,10905.0,6410.0
227,2018-10-04,11045.0,6550.0
228,2018-10-05,11020.0,6525.0
229,2018-10-07,11015.0,6520.0
230,2018-10-08,11125.0,6630.0
231,2018-10-09,11070.0,6575.0
232,2018-10-10,11020.0,6525.0
233,2018-10-11,10665.0,6170.0
234,2018-10-12,10675.0,6180.0
235,2018-10-15,10870.0,6375.0
236,2018-10-16,10905.0,6410.0
237,2018-10-17,10920.0,6425.0
238,2018-10-18,10870.0,6375.0
239,2018-10-19,10890.0,6395.0
240,2018-10-21,10915.0,6420.0
241,2018-10-22,10885.0,6390.0
242,2018-10-23,10880.0,6385.0
243,2018-10-24,10900.0,6415.0
244,2018-10-25,10880.0,6395.0
245,2018-10-26,10880.0,6395.0
246,2018-10-28,10865.0,6380.0
247,2018-10-29,10740.0,6255.0
248,2018-10-30,10745.0,6260.0
249,2018-10-31,10775.0,6290.0
250,2018-11-01,10815.0,6330.0
251,2018-11-02,10825.0,6340.0
252,2018-11-05,10865.0,6380.0
253,2018-11-06,10910.0,6425.0
254,2018-11-07,10985.0,6500.0
255,2018-11-08,10895.0,6410.0
256,2018-11-09,10805.0,6320.0
257,2018-11-11,10845.0,6360.0
258,2018-11-12,10775.0,6290.0
259,2018-11-13,10750.0,6265.0
260,2018-11-14,9955.0,5470.0
261,2018-11-15,9980.0,5495.0
262,2018-11-16,9855.0,5370.0
263,2018-11-19,9210.0,4725.0
264,2018-11-20,8845.0,4360.0
265,2018-11-21,9000.0,4515.0
266,2018-11-22,8725.0,4240.0
267,2018-11-23,8730.0,4200.0
268,2018-11-25,8480.0,3950.0
269,2018-11-26,8155.0,3625.0
270,2018-11-27,8240.0,3710.0
271,2018-11-28,8685.0,4155.0
272,2018-11-29,8740.0,4210.0
273,2018-11-30,8475.0,3945.0
274,2018-12-02,8640.0,4110.0
275,2018-12-03,8335.0,3805.0
276,2018-12-04,8395.0,3865.0
277,2018-12-05,8235.0,3705.0
278,2018-12-06,7910.0,3380.0
279,2018-12-07,7825.0,3295.0
280,2018-12-09,8010.0,3480.0
281,2018-12-10,7910.0,3380.0
282,2018-12-11,7885.0,3355.0
283,2018-12-12,7915.0,3385.0
284,2018-12-13,7715.0,3185.0
285,2018-12-14,7640.0,3110.0
286,2018-12-17,8040.0,3510.0
287,2018-12-18,8185.0,3655.0
288,2018-12-19,8160.0,3630.0
289,2018-12-20,8580.0,4050.0
290,2018-12-21,8365.0,3835.0
291,2018-12-23,8455.0,3925.0
292,2018-12-24,8825.0,4020.0
293,2018-12-26,8515.0,3710.0
294,2018-12-27,8350.0,3545.0
295,2018-12-28,8640.0,3835.0
296,2018-12-30,8575.0,3770.0
297,2018-12-31,8410.0,3605.0
298,2019-01-01,,
299,2019-01-02,8590.0,3785.0
300,2019-01-03,8550.0,3745.0
301,2019-01-04,8615.0,3810.0
302,2019-01-06,8820.0,4015.0
303,2019-01-07,8795.0,3990.0
304,2019-01-08,8770.0,3965.0
305,2019-01-09,8795.0,3990.0
306,2019-01-10,8395.0,3590.0
307,2019-01-11,8480.0,3675.0
308,2019-01-13,8290.0,3485.0
309,2019-01-14,8445.0,3640.0
310,2019-01-15,8325.0,3520.0
311,2019-01-16,8360.0,3555.0
312,2019-01-17,8425.0,3620.0
313,2019-01-18,8370.0,3565.0
314,2019-01-20,8300.0,3495.0
315,2019-01-21,8315.0,3510.0
316,2019-01-22,8365.0,3560.0
317,2019-01-23,8310.0,3505.0
318,2019-01-24,8350.0,3510.0
319,2019-01-25,8330.0,3490.0
320,2019-01-28,8220.0,3380.0
321,2019-01-29,8195.0,3355.0
322,2019-01-30,8245.0,3405.0
323,2019-01-31,8210.0,3370.0
324,2019-02-01,8260.0,3420.0
325,2019-02-03,8220.0,3380.0
326,2019-02-04,8220.0,3380.0
327,2019-02-05,8235.0,3395.0
328,2019-02-06,8175.0,3335.0
329,2019-02-07,8175.0,3335.0
330,2019-02-08,8435.0,3595.0
331,2019-02-10,8480.0,3640.0
332,2019-02-11,8430.0,3590.0
333,2019-02-12,8405.0,3565.0
334,2019-02-13,8410.0,3570.0
335,2019-02-14,8390.0,3550.0
336,2019-02-15,8390.0,3550.0
337,2019-02-17,8465.0,3625.0
338,2019-02-18,8710.0,3870.0
339,2019-02-19,8745.0,3905.0
340,2019-02-20,8780.0,3940.0
341,2019-02-21,8715.0,3890.0
342,2019-02-22,8760.0,3935.0
343,2019-02-24,8745.0,3920.0
344,2019-02-25,8630.0,3805.0
345,2019-02-26,8590.0,3765.0
346,2019-02-27,8525.0,3700.0
347,2019-02-28,8655.0,3830.0
348,2019-03-01,8650.0,3825.0
349,2019-03-04,8515.0,3690.0
350,2019-03-05,8655.0,3830.0
351,2019-03-06,8670.0,3845.0
352,2019-03-07,8675.0,3850.0
353,2019-03-08,8715.0,3890.0
354,2019-03-10,8715.0,3890.0
355,2019-03-11,8665.0,3840.0
356,2019-03-12,8680.0,3855.0
357,2019-03-13,8660.0,3835.0
358,2019-03-14,8670.0,3845.0
359,2019-03-15,8725.0,3900.0
360,2019-03-17,8785.0,3960.0
361,2019-03-18,8795.0,3970.0
362,2019-03-19,8820.0,3995.0
363,2019-03-20,8865.0,4040.0
364,2019-03-21,8790.0,3965.0
365,2019-03-22,8805.0,3980.0
366,2019-03-25,8695.0,3875.0
367,2019-03-26,8725.0,3905.0
368,2019-03-27,8830.0,4010.0
369,2019-03-28,8820.0,4000.0
370,2019-03-29,8910.0,4090.0
371,2019-03-31,8915.0,4095.0
372,2019-04-01,8955.0,4135.0
373,2019-04-02,9620.0,4800.0
374,2019-04-03,9900.0,5080.0
375,2019-04-04,9625.0,4805.0
376,2019-04-05,9840.0,5020.0
377,2019-04-07,10070.0,5250.0
378,2019-04-08,10020.0,5200.0
379,2019-04-09,10035.0,5215.0
380,2019-04-10,10110.0,5290.0
381,2019-04-11,9875.0,5055.0
382,2019-04-12,9900.0,5080.0
383,2019-04-14,9985.0,5165.0
384,2019-04-15,9855.0,5035.0
385,2019-04-16,10005.0,5185.0
386,2019-04-17,10050.0,5230.0
387,2019-04-18,10115.0,5295.0
388,2019-04-21,10120.0,5300.0
389,2019-04-22,10235.0,5415.0
390,2019-04-23,10250.0,5565.0
391,2019-04-24,10125.0,5440.0
392,2019-04-25,9810.0,5125.0
393,2019-04-26,9790.0,5105.0
394,2019-04-28,9815.0,5130.0
395,2019-04-29,9795.0,5110.0
396,2019-04-30,9955.0,5270.0
397,2019-05-01,9970.0,5285.0
398,2019-05-02,10070.0,5385.0
399,2019-05-03,10390.0,5705.0
400,2019-05-05,10395.0,5710.0
401,2019-05-06,10390.0,5705.0
402,2019-05-07,10575.0,5890.0
403,2019-05-08,10610.0,5925.0
404,2019-05-09,10840.0,6155.0
405,2019-05-10,10925.0,6240.0
406,2019-05-12,11655.0,6970.0
407,2019-05-13,12645.0,7960.0
408,2019-05-14,12630.0,7945.0
409,2019-05-15,12920.0,8235.0
410,2019-05-16,12560.0,7875.0
411,2019-05-17,11870.0,7185.0
412,2019-05-19,12985.0,8300.0
413,2019-05-20,12675.0,7990.0
414,2019-05-21,12695.0,8010.0
415,2019-05-22,12420.0,7735.0
416,2019-05-23,12685.0,8000.0
417,2019-05-24,12795.0,8130.0
418,2019-05-26,13500.0,8835.0
419,2019-05-27,13555.0,8890.0
420,2019-05-28,13475.0,8810.0
421,2019-05-29,13440.0,8775.0
422,2019-05-30,13005.0,8340.0
423,2019-05-31,13270.0,8605.0
424,2019-06-02,13550.0,8885.0
425,2019-06-03,13245.0,8580.0
426,2019-06-04,12375.0,7710.0
427,2019-06-05,12520.0,7855.0
428,2019-06-06,12385.0,7720.0
429,2019-06-07,12605.0,7940.0
430,2019-06-09,12270.0,7605.0
431,2019-06-10,12650.0,7985.0
432,2019-06-11,12625.0,7960.0
433,2019-06-12,12850.0,8185.0
434,2019-06-13,13000.0,8335.0
435,2019-06-14,13155.0,8490.0
436,2019-06-16,13850.0,9185.0
437,2019-06-17,14120.0,9455.0
438,2019-06-18,13730.0,9065.0
439,2019-06-19,14045.0,9380.0
440,2019-06-20,14365.0,9700.0
441,2019-06-21,14760.0,10095.0
442,2019-06-23,15720.0,11055.0
443,2019-06-24,15790.0,11200.0
444,2019-06-25,16620.0,12030.0
445,2019-06-26,17275.0,12685.0
446,2019-06-27,15915.0,11325.0
447,2019-06-28,16995.0,12405.0
448,2019-06-30,15795.0,11205.0
449,2019-07-01,15340.0,10750.0
450,2019-07-02,15655.0,11065.0
451,2019-07-03,16775.0,12185.0
452,2019-07-04,16545.0,11955.0
453,2019-07-05,15900.0,11310.0
454,2019-07-07,16295.0,11705.0
455,2019-07-08,17280.0,12690.0
456,2019-07-09,17330.0,12740.0
457,2019-07-10,16945.0,12355.0
458,2019-07-11,16190.0,11600.0
459,2019-07-12,16660.0,12070.0
460,2019-07-14,15195.0,10605.0
461,2019-07-15,15575.0,10985.0
462,2019-07-16,14185.0,9595.0
463,2019-07-17,14525.0,9935.0
464,2019-07-18,15350.0,10760.0
465,2019-07-19,15225.0,10635.0
466,2019-07-21,15365.0,10775.0
467,2019-07-22,15055.0,10465.0
468,2019-07-23,14830.0,10240.0
469,2019-07-24,14435.0,9975.0
470,2019-07-25,14490.0,10030.0
471,2019-07-26,14510.0,10050.0
472,2019-07-28,14165.0,9705.0
473,2019-07-29,14045.0,9585.0
474,2019-07-30,14185.0,9725.0
475,2019-07-31,14685.0,10225.0
476,2019-08-01,15090.0,10630.0
477,2019-08-02,15075.0,10615.0
478,2019-08-04,15745.0,11285.0
479,2019-08-05,16560.0,12100.0
480,2019-08-06,16040.0,11580.0
481,2019-08-07,16775.0,12315.0
482,2019-08-08,16580.0,12120.0
483,2019-08-09,16570.0,12110.0
484,2019-08-12,16155.0,11695.0
485,2019-08-13,15550.0,11090.0
486,2019-08-14,14840.0,10380.0
487,2019-08-15,14995.0,10535.0
488,2019-08-16,15030.0,10570.0
489,2019-08-18,14905.0,10445.0
490,2019-08-19,15395.0,10935.0
491,2019-08-20,15400.0,10940.0
492,2019-08-21,14620.0,10160.0
493,2019-08-22,14745.0,10285.0
494,2019-08-23,15035.0,10620.0
495,2019-08-26,14915.0,10500.0
496,2019-08-27,14760.0,10345.0
497,2019-08-28,14255.0,9840.0
498,2019-08-29,14015.0,9600.0
499,2019-08-30,14165.0,9750.0
500,2019-09-01,14360.0,9945.0
501,2019-09-02,14990.0,10575.0
502,2019-09-03,15325.0,10910.0
503,2019-09-04,15125.0,10710.0
504,2019-09-05,15160.0,10745.0
505,2019-09-06,14930.0,10515.0
506,2019-09-09,14780.0,10365.0
507,2019-09-10,14610.0,10195.0
508,2019-09-11,14695.0,10280.0
509,2019-09-12,14985.0,10570.0
510,2019-09-13,14795.0,10380.0
511,2019-09-15,14855.0,10440.0
512,2019-09-16,14880.0,10465.0
513,2019-09-17,14760.0,10345.0
514,2019-09-18,14755.0,10340.0
515,2019-09-19,14800.0,10385.0
516,2019-09-20,14685.0,10270.0
517,2019-09-23,14350.0,9970.0
518,2019-09-24,13160.0,8780.0
519,2019-09-25,12965.0,8585.0
520,2019-09-26,12415.0,8035.0
521,2019-09-27,12495.0,8115.0
522,2019-09-29,12550.0,8170.0
523,2019-09-30,12735.0,8355.0
524,2019-10-01,12835.0,8455.0
525,2019-10-02,12695.0,8315.0
526,2019-10-03,12585.0,8205.0
527,2019-10-04,12645.0,8265.0
528,2019-10-06,12295.0,7915.0
529,2019-10-07,12685.0,8305.0
530,2019-10-08,12575.0,8195.0
531,2019-10-09,13035.0,8655.0
532,2019-10-10,13000.0,8620.0
533,2019-10-11,12765.0,8385.0
534,2019-10-13,12730.0,8350.0
535,2019-10-14,12775.0,8395.0
536,2019-10-15,12570.0,8190.0
537,2019-10-16,12350.0,7970.0
538,2019-10-17,12460.0,8080.0
539,2019-10-18,12355.0,7975.0
540,2019-10-20,12635.0,8255.0
541,2019-10-21,12635.0,8255.0
542,2019-10-22,12560.0,8180.0
543,2019-10-23,11780.0,7400.0
544,2019-10-24,11885.0,7495.0
545,2019-10-25,13145.0,8755.0
546,2019-10-27,14130.0,9740.0
547,2019-10-28,14055.0,9665.0
548,2019-10-29,13990.0,9600.0
549,2019-10-30,13730.0,9340.0
550,2019-10-31,13680.0,9290.0
551,2019-11-01,13755.0,9365.0
552,2019-11-03,13710.0,9320.0
553,2019-11-04,13990.0,9600.0
554,2019-11-05,13885.0,9495.0
555,2019-11-06,13920.0,9530.0
556,2019-11-07,13725.0,9335.0
557,2019-11-08,13345.0,8955.0
558,2019-11-10,13505.0,9115.0
559,2019-11-11,13175.0,8785.0
560,2019-11-12,13275.0,8885.0
561,2019-11-13,13245.0,8855.0
562,2019-11-14,13140.0,8750.0
563,2019-11-15,12930.0,8540.0
564,2019-11-17,12970.0,8580.0
565,2019-11-18,12640.0,8250.0
566,2019-11-19,12545.0,8155.0
567,2019-11-20,12530.0,8140.0
568,2019-11-21,12030.0,7640.0
569,2019-11-22,11745.0,7390.0
570,2019-11-24,11275.0,6920.0
571,2019-11-25,11560.0,7205.0
572,2019-11-26,11510.0,7155.0
573,2019-11-27,11965.0,7610.0
574,2019-11-28,11870.0,7515.0
575,2019-11-29,12185.0,7830.0
576,2019-12-01,11885.0,7530.0
577,2019-12-02,11755.0,7400.0
578,2019-12-03,11740.0,7385.0
579,2019-12-04,11655.0,7300.0
580,2019-12-05,11895.0,7540.0
581,2019-12-06,11905.0,7550.0
582,2019-12-08,11965.0,7610.0
583,2019-12-09,11765.0,7410.0
584,2019-12-10,11650.0,7295.0
585,2019-12-11,11605.0,7250.0
586,2019-12-12,11610.0,7255.0
587,2019-12-13,11645.0,7290.0
588,2019-12-15,11485.0,7130.0
589,2019-12-16,11265.0,6910.0
590,2019-12-17,10980.0,6625.0
591,2019-12-18,11660.0,7305.0
592,2019-12-19,11550.0,7195.0
593,2019-12-20,11600.0,7245.0
594,2019-12-22,11915.0,7560.0
595,2019-12-23,11720.0,7365.0
596,2019-12-24,11670.0,7365.0
597,2019-12-26,11630.0,7325.0
598,2019-12-27,11615.0,7310.0
599,2019-12-30,11640.0,7335.0
600,2019-12-31,11555.0,7250.0
601,2020-01-01,11550.0,7245.0
602,2020-01-02,11295.0,6990.0
603,2020-01-03,11745.0,7440.0
604,2020-01-05,11760.0,7455.0
605,2020-01-06,12235.0,7930.0
606,2020-01-07,12615.0,8310.0
607,2020-01-08,12470.0,8165.0
608,2020-01-09,12230.0,7925.0
609,2020-01-10,12495.0,8190.0
610,2020-01-12,12630.0,8325.0
611,2020-01-13,12555.0,8250.0
612,2020-01-14,13345.0,9040.0
613,2020-01-15,13225.0,8920.0
614,2020-01-16,13140.0,8835.0
615,2020-01-17,13310.0,9005.0
616,2020-01-19,13095.0,8790.0
617,2020-01-20,13065.0,8760.0
618,2020-01-21,13165.0,8860.0
619,2020-01-22,13040.0,8735.0
620,2020-01-23,12750.0,8445.0
621,2020-01-24,12900.0,8620.0
622,2020-01-26,13020.0,8740.0
623,2020-01-27,13390.0,9110.0
624,2020-01-28,13900.0,9620.0
625,2020-01-29,13865.0,9585.0
626,2020-01-30,14105.0,9825.0
627,2020-01-31,13850.0,9570.0
628,2020-02-02,13845.0,9565.0
629,2020-02-03,13740.0,9460.0
630,2020-02-04,13615.0,9335.0
631,2020-02-05,14150.0,9870.0
632,2020-02-06,14310.0,10030.0
633,2020-02-07,14260.0,9980.0
634,2020-02-09,14720.0,10440.0
635,2020-02-10,14415.0,10135.0
636,2020-02-11,14880.0,10600.0
637,2020-02-12,14980.0,10700.0
638,2020-02-13,14745.0,10465.0
639,2020-02-14,14935.0,10655.0
640,2020-02-16,14445.0,10165.0
641,2020-02-17,14185.0,9905.0
642,2020-02-18,14760.0,10480.0
643,2020-02-19,14030.0,9750.0
644,2020-02-20,14065.0,9785.0
645,2020-02-21,14160.0,9995.0
646,2020-02-23,14485.0,10320.0
647,2020-02-24,13980.0,9815.0
648,2020-02-25,13775.0,9610.0
649,2020-02-26,13160.0,8995.0
650,2020-02-27,13130.0,8965.0
651,2020-02-28,12985.0,8820.0
652,2020-03-01,12860.0,8695.0
653,2020-03-02,13265.0,9100.0
654,2020-03-03,13115.0,8950.0
655,2020-03-04,13005.0,8840.0
656,2020-03-05,13390.0,9225.0
657,2020-03-06,13430.0,9265.0
658,2020-03-08,12415.0,8250.0
659,2020-03-09,12085.0,7920.0
660,2020-03-10,12220.0,8055.0
661,2020-03-11,12160.0,7995.0
662,2020-03-12,9985.0,5820.0
663,2020-03-13,9490.0,5325.0
664,2020-03-15,9560.0,5395.0
665,2020-03-16,9055.0,4890.0
666,2020-03-17,9595.0,5430.0
667,2020-03-18,9560.0,5395.0
668,2020-03-19,10500.0,6335.0
669,2020-03-20,10180.0,6015.0
670,2020-03-22,10025.0,5860.0
671,2020-03-23,10695.0,6530.0
672,2020-03-24,10920.0,6825.0
673,2020-03-25,10795.0,6700.0
674,2020-03-26,10870.0,6775.0
675,2020-03-27,10835.0,6740.0
676,2020-03-29,9995.0,5900.0
677,2020-03-30,10645.0,6550.0
678,2020-03-31,10615.0,6520.0
679,2020-04-01,10745.0,6650.0
680,2020-04-02,11050.0,6955.0
681,2020-04-03,10835.0,6740.0
682,2020-04-06,11500.0,7405.0
683,2020-04-07,11350.0,7255.0
684,2020-04-08,11520.0,7425.0
685,2020-04-09,11405.0,7310.0
686,2020-04-12,11145.0,7050.0
687,2020-04-13,10965.0,6870.0
688,2020-04-14,11060.0,6965.0
689,2020-04-15,10835.0,6740.0
690,2020-04-16,11290.0,7195.0
691,2020-04-17,11200.0,7105.0
692,2020-04-19,11305.0,7210.0
693,2020-04-20,11000.0,6905.0
694,2020-04-21,10990.0,6895.0
695,2020-04-22,11270.0,7175.0
696,2020-04-23,11760.0,7680.0
697,2020-04-24,11710.0,7630.0
698,2020-04-26,11770.0,7690.0
699,2020-04-27,11940.0,7860.0
700,2020-04-28,11905.0,7825.0
701,2020-04-29,12980.0,8900.0
702,2020-04-30,12820.0,8740.0
703,2020-05-01,12885.0,8805.0
704,2020-05-03,13100.0,9020.0
705,2020-05-04,13090.0,9010.0
706,2020-05-05,13125.0,9045.0
707,2020-05-06,13540.0,9460.0
708,2020-05-07,14185.0,10105.0
709,2020-05-08,14230.0,10150.0
710,2020-05-10,12960.0,8880.0
711,2020-05-11,12740.0,8660.0
712,2020-05-12,13030.0,8950.0
713,2020-05-13,13565.0,9485.0
714,2020-05-14,14020.0,9940.0
715,2020-05-15,13450.0,9370.0
716,2020-05-17,13915.0,9835.0
717,2020-05-18,13920.0,9840.0
718,2020-05-19,13935.0,9855.0
719,2020-05-20,13675.0,9595.0
720,2020-05-21,13300.0,9220.0
721,2020-05-22,13355.0,9275.0
722,2020-05-24,13195.0,9115.0
723,2020-05-25,12995.0,9015.0
724,2020-05-26,12905.0,8925.0
725,2020-05-27,13250.0,9270.0
726,2020-05-28,13550.0,9570.0
727,2020-05-29,13515.0,9535.0
728,2020-05-31,13565.0,9585.0
729,2020-06-01,13855.0,9875.0
730,2020-06-02,13530.0,9550.0
731,2020-06-03,13675.0,9695.0
732,2020-06-04,13955.0,9975.0
733,2020-06-05,13830.0,9850.0
734,2020-06-07,13890.0,9910.0
735,2020-06-08,13855.0,9875.0
736,2020-06-09,13900.0,9920.0
737,2020-06-10,14025.0,10045.0
738,2020-06-11,13395.0,9415.0
739,2020-06-12,13495.0,9515.0
740,2020-06-14,13335.0,9355.0
741,2020-06-15,13510.0,9530.0
742,2020-06-16,13570.0,9590.0
743,2020-06-17,13510.0,9530.0
744,2020-06-18,13430.0,9450.0
745,2020-06-19,13395.0,9415.0
746,2020-06-21,13365.0,9385.0
747,2020-06-22,13765.0,9785.0
748,2020-06-23,13735.0,9795.0
749,2020-06-24,13355.0,9415.0
750,2020-06-25,13310.0,9370.0
751,2020-06-26,13235.0,9295.0
752,2020-06-28,13140.0,9200.0
753,2020-06-29,13265.0,9325.0
754,2020-06-30,13170.0,9230.0
755,2020-07-01,13300.0,9360.0
756,2020-07-02,13135.0,9195.0
757,2020-07-03,13140.0,9200.0
758,2020-07-05,,
759,2020-07-06,13335.0,9395.0
760,2020-07-07,13290.0,9350.0
761,2020-07-08,13540.0,9600.0
762,2020-07-09,13240.0,9300.0
763,2020-07-10,13280.0,9340.0
764,2020-07-12,13325.0,9385.0
765,2020-07-13,13270.0,9330.0
766,2020-07-14,13300.0,9360.0
767,2020-07-15,13230.0,9290.0
768,2020-07-16,13105.0,9165.0
769,2020-07-17,13200.0,9260.0
770,2020-07-20,13185.0,9245.0
771,2020-07-21,13440.0,9500.0
772,2020-07-22,13570.0,9630.0
773,2020-07-23,13650.0,9710.0
774,2020-07-24,13740.0,9785.0
775,2020-07-26,14085.0,10130.0
776,2020-07-27,15550.0,11595.0
777,2020-07-28,15235.0,11280.0
778,2020-07-29,15555.0,11600.0
779,2020-07-30,15435.0,11480.0
780,2020-07-31,15655.0,11700.0
781,2020-08-02,15405.0,11450.0
782,2020-08-03,15415.0,11460.0
783,2020-08-04,15415.0,11460.0
784,2020-08-05,15900.0,11945.0
785,2020-08-06,15995.0,12040.0
786,2020-08-07,15720.0,11765.0
787,2020-08-09,15830.0,11875.0
788,2020-08-10,16015.0,12060.0
789,2020-08-11,15420.0,11465.0
790,2020-08-12,15710.0,11755.0
791,2020-08-13,15935.0,11980.0
792,2020-08-14,15950.0,11995.0
793,2020-08-16,16125.0,12170.0
794,2020-08-17,16615.0,12660.0
795,2020-08-18,16235.0,12280.0
796,2020-08-19,15900.0,11945.0
797,2020-08-20,15990.0,12035.0
798,2020-08-21,15725.0,11770.0
799,2020-08-23,15775.0,11820.0
800,2020-08-24,15825.0,11975.0
801,2020-08-25,15345.0,11495.0
802,2020-08-26,15525.0,11675.0
803,2020-08-27,15235.0,11385.0
804,2020-08-28,15530.0,11680.0
805,2020-08-30,15720.0,11870.0
806,2020-08-31,15745.0,11895.0
807,2020-09-01,16050.0,12200.0
808,2020-09-02,15340.0,11490.0
809,2020-09-03,14605.0,10755.0
810,2020-09-04,14515.0,10665.0
811,2020-09-06,14135.0,10285.0
812,2020-09-07,14355.0,10505.0
813,2020-09-08,14065.0,10215.0
814,2020-09-09,14235.0,10385.0
815,2020-09-10,14325.0,10475.0
816,2020-09-11,14270.0,10420.0
817,2020-09-14,14630.0,10780.0
818,2020-09-15,14720.0,10870.0
819,2020-09-16,14985.0,11135.0
820,2020-09-17,14870.0,11020.0
821,2020-09-18,14835.0,10985.0
822,2020-09-20,14825.0,10975.0
823,2020-09-21,14420.0,10570.0
824,2020-09-22,14425.0,10575.0
825,2020-09-23,14055.0,10260.0
826,2020-09-24,14730.0,10935.0
827,2020-09-25,14680.0,10885.0
828,2020-09-27,14700.0,10905.0
829,2020-09-28,14830.0,11035.0
830,2020-09-29,14705.0,10910.0
831,2020-09-30,14630.0,10835.0
832,2020-10-01,14545.0,10750.0
833,2020-10-02,14435.0,10640.0
834,2020-10-04,14585.0,10790.0
835,2020-10-05,14695.0,10900.0
836,2020-10-06,14505.0,10710.0
837,2020-10-07,14600.0,10805.0
838,2020-10-08,14845.0,11050.0
839,2020-10-09,14975.0,11180.0
840,2020-10-11,15315.0,11520.0
841,2020-10-12,15620.0,11825.0
842,2020-10-13,15375.0,11580.0
843,2020-10-14,15345.0,11550.0
844,2020-10-15,15445.0,11650.0
845,2020-10-16,15240.0,11445.0
846,2020-10-18,15400.0,11605.0
847,2020-10-19,15705.0,11910.0
848,2020-10-20,15890.0,12095.0
849,2020-10-21,17150.0,13355.0
850,2020-10-22,17015.0,13220.0
851,2020-10-23,16815.0,13215.0
852,2020-10-25,16885.0,13285.0
853,2020-10-26,16920.0,13320.0
854,2020-10-27,17530.0,13930.0
855,2020-10-28,17160.0,13560.0
856,2020-10-29,17370.0,13770.0
857,2020-10-30,17520.0,13920.0
858,2020-11-01,17675.0,14075.0
859,2020-11-02,17400.0,13800.0
860,2020-11-03,17865.0,14265.0
861,2020-11-04,18020.0,14420.0
862,2020-11-05,19440.0,15840.0
863,2020-11-06,19455.0,15855.0
864,2020-11-08,19405.0,15805.0
865,2020-11-09,19145.0,15545.0
866,2020-11-10,19125.0,15525.0
867,2020-11-11,19595.0,15995.0
868,2020-11-12,20185.0,16585.0
869,2020-11-13,20070.0,16470.0
870,2020-11-15,19765.0,16165.0
871,2020-11-16,20540.0,16940.0
872,2020-11-17,21480.0,17880.0
873,2020-11-18,21585.0,17985.0
874,2020-11-19,21610.0,18010.0
875,2020-11-20,22420.0,18820.0
876,2020-11-22,22230.0,18630.0
877,2020-11-23,22235.0,18795.0
878,2020-11-24,23095.0,19655.0
879,2020-11-25,22445.0,19005.0
880,2020-11-26,21025.0,17585.0
881,2020-11-27,20625.0,17185.0
882,2020-11-29,22035.0,18595.0
883,2020-11-30,23630.0,20190.0
884,2020-12-01,22695.0,19255.0
885,2020-12-02,23040.0,19600.0
886,2020-12-03,23275.0,19835.0
887,2020-12-04,22505.0,19065.0
888,2020-12-06,23095.0,19655.0
889,2020-12-07,22940.0,19500.0
890,2020-12-08,21990.0,18550.0
891,2020-12-09,22240.0,18800.0
892,2020-12-10,21990.0,18550.0
893,2020-12-11,21740.0,18300.0
894,2020-12-13,22880.0,19440.0
895,2020-12-14,23005.0,19565.0
896,2020-12-15,23150.0,19710.0
897,2020-12-16,25290.0,21850.0
898,2020-12-17,26795.0,23355.0
899,2020-12-18,26750.0,23310.0
900,2020-12-20,27420.0,23980.0
901,2020-12-21,26530.0,23090.0
902,2020-12-22,27695.0,24255.0
903,2020-12-23,26920.0,23480.0
904,2020-12-24,27020.0,23955.0
905,2020-12-27,30165.0,27100.0
906,2020-12-28,30710.0,27645.0
907,2020-12-29,30905.0,27840.0
908,2020-12-30,32560.0,29495.0
909,2020-12-31,32570.0,29505.0
910,2021-01-03,36880.0,33815.0
911,2021-01-04,35795.0,32730.0
912,2021-01-05,37975.0,34910.0
913,2021-01-06,40895.0,37830.0
914,2021-01-07,43170.0,40105.0
915,2021-01-08,44030.0,40965.0
916,2021-01-10,42175.0,39110.0
917,2021-01-11,39475.0,36410.0
918,2021-01-12,37855.0,34790.0
919,2021-01-13,40925.0,37860.0
920,2021-01-14,42985.0,39920.0
921,2021-01-15,39945.0,36880.0
922,2021-01-17,39365.0,36300.0
923,2021-01-18,40435.0,37370.0
924,2021-01-19,39555.0,36490.0
925,2021-01-20,39030.0,35965.0
926,2021-01-21,33955.0,30890.0
927,2021-01-22,36705.0,33640.0
928,2021-01-24,35720.0,32655.0
929,2021-01-25,35675.0,32975.0
930,2021-01-26,35880.0,33180.0
931,2021-01-27,33300.0,30600.0
932,2021-01-28,36620.0,33920.0
933,2021-01-29,38025.0,35325.0
934,2021-01-31,36235.0,33535.0
935,2021-02-01,36905.0,34205.0
936,2021-02-02,39060.0,36360.0
937,2021-02-03,41065.0,38365.0
938,2021-02-04,40420.0,37720.0
939,2021-02-05,41170.0,38470.0
940,2021-02-07,42340.0,39640.0
941,2021-02-08,50200.0,47500.0
942,2021-02-09,50385.0,47685.0
943,2021-02-10,48790.0,46090.0
944,2021-02-11,51810.0,49110.0
945,2021-02-12,51780.0,49080.0
946,2021-02-14,52480.0,49780.0
947,2021-02-15,51750.0,49050.0
948,2021-02-16,52800.0,50100.0
949,2021-02-17,56085.0,53385.0
950,2021-02-18,55295.0,52595.0
951,2021-02-19,59555.0,56855.0
952,2021-02-21,61145.0,58445.0
953,2021-02-22,57160.0,55425.0
954,2021-02-23,51540.0,49805.0
955,2021-02-24,52805.0,51070.0
956,2021-02-25,49335.0,47600.0
957,2021-02-26,48140.0,46405.0
958,2021-02-28,47520.0,45785.0
959,2021-03-01,52115.0,50380.0
960,2021-03-02,50885.0,49150.0
961,2021-03-03,53035.0,51300.0
962,2021-03-04,50585.0,48850.0
963,2021-03-05,51695.0,49960.0
964,2021-03-07,53905.0,52170.0
965,2021-03-08,54390.0,52655.0
966,2021-03-09,57585.0,55850.0
967,2021-03-10,58715.0,56980.0
968,2021-03-11,60835.0,59100.0
969,2021-03-12,59815.0,58080.0
970,2021-03-14,63365.0,61630.0
971,2021-03-15,58845.0,57110.0
972,2021-03-16,58885.0,57150.0
973,2021-03-17,60935.0,59200.0
974,2021-03-18,60350.0,58615.0
975,2021-03-19,60950.0,59215.0
976,2021-03-21,60255.0,58520.0
977,2021-03-22,56620.0,54885.0
978,2021-03-23,56560.0,54825.0
979,2021-03-24,54465.0,53330.0
980,2021-03-25,53770.0,52635.0
981,2021-03-26,55760.0,54625.0
982,2021-03-28,57560.0,56425.0
983,2021-03-29,59835.0,58700.0
984,2021-03-30,61160.0,60025.0
985,2021-03-31,61220.0,60085.0
986,2021-04-01,61255.0,60120.0
987,2021-04-02,61720.0,60585.0
988,2021-04-04,60410.0,59275.0
989,2021-04-05,61330.0,60195.0
990,2021-04-06,60240.0,59105.0
991,2021-04-07,58030.0,56895.0
992,2021-04-08,59935.0,58800.0
993,2021-04-09,60300.0,59165.0
994,2021-04-11,62090.0,60955.0
995,2021-04-12,62015.0,60880.0
996,2021-04-13,65550.0,64415.0
997,2021-04-14,64735.0,63600.0
998,2021-04-15,65290.0,64155.0
999,2021-04-16,63730.0,62595.0
1000,2021-04-18,58415.0,57280.0
1001,2021-04-19,58000.0,56865.0
1002,2021-04-20,58425.0,57290.0
1003,2021-04-21,55510.0,54375.0
1004,2021-04-22,52870.0,51735.0
1005,2021-04-23,51925.0,50790.0
1006,2021-04-25,50030.0,48895.0
1007,2021-04-26,55060.0,53925.0
1008,2021-04-27,56245.0,55110.0
1009,2021-04-28,55820.0,54685.0
1010,2021-04-29,54730.0,53595.0
1011,2021-04-30,58130.0,56995.0
1012,2021-05-02,57755.0,56620.0
1013,2021-05-03,58690.0,57555.0
1014,2021-05-04,55210.0,54075.0
1015,2021-05-05,55155.0,54020.0
1016,2021-05-06,58420.0,57285.0
1017,2021-05-07,57695.0,56560.0
1018,2021-05-10,59185.0,58050.0
1019,2021-05-11,57440.0,56305.0
1020,2021-05-12,57690.0,56555.0
1021,2021-05-13,53875.0,52740.0
1022,2021-05-14,49915.0,48780.0
1023,2021-05-17,46855.0,45670.0
1024,2021-05-18,43900.0,42715.0
1025,2021-05-19,43935.0,42750.0
1026,2021-05-20,40465.0,39280.0
1027,2021-05-21,42915.0,41730.0
1028,2021-05-24,35170.0,33985.0
1029,2021-05-25,39715.0,38530.0
1030,2021-05-26,39755.0,38570.0
1031,2021-05-27,40250.0,39065.0
1032,2021-05-28,39745.0,38560.0
1033,2021-05-31,36910.0,35725.0
1034,2021-06-01,38105.0,36920.0
1035,2021-06-02,37640.0,36455.0
1036,2021-06-03,38825.0,37640.0
1037,2021-06-04,40150.0,38965.0
1038,2021-06-07,36890.0,35705.0
1039,2021-06-08,35335.0,34150.0
1040,2021-06-09,34680.0,33495.0
1041,2021-06-10,38430.0,37250.0
1042,2021-06-11,38455.0,37275.0
1043,2021-06-14,40255.0,39075.0
1044,2021-06-15,41430.0,40250.0
1045,2021-06-16,41340.0,40160.0
1046,2021-06-17,38830.0,37650.0
1047,2021-06-18,39130.0,37950.0
1048,2021-06-21,36915.0,35735.0
1049,2021-06-22,32445.0,31265.0
1050,2021-06-23,34580.0,33400.0
1051,2021-06-24,34700.0,33520.0
1052,2021-06-25,36080.0,34900.0
1053,2021-06-28,35610.0,34430.0
1054,2021-06-29,35680.0,34500.0
1055,2021-06-30,37240.0,36060.0
1056,2021-07-01,36045.0,34865.0
1057,2021-07-02,34760.0,33580.0
1058,2021-07-05,36560.0,35380.0
1059,2021-07-06,35180.0,34000.0
1060,2021-07-07,35230.0,34050.0
1061,2021-07-08,35360.0,34180.0
1062,2021-07-09,33685.0,32505.0
1063,2021-07-12,35665.0,34485.0
1064,2021-07-13,34170.0,32990.0
1065,2021-07-14,33575.0,32395.0
1066,2021-07-15,34195.0,33015.0
1067,2021-07-16,32780.0,31600.0
1068,2021-07-19,32680.0,31500.0
1069,2021-07-20,32005.0,30825.0
1070,2021-07-21,33315.0,32135.0
1071,2021-07-22,,
1072,2021-07-23,,
1073,2021-07-26,,
1074,2021-07-27,,
1075,2021-07-28,,
1076,2021-07-29,,
1077,2021-07-30,,
1078,2021-08-02,,
1079,2021-08-03,,
1080,2021-08-04,,
1081,2021-08-05,,
1082,2021-08-06,42200.0,41025.0
1083,2021-08-09,45545.0,44370.0
1084,2021-08-10,47475.0,46300.0
1085,2021-08-11,46705.0,45530.0
1086,2021-08-12,46920.0,45745.0
1087,2021-08-13,45135.0,43960.0
1088,2021-08-16,48425.0,47250.0
1089,2021-08-17,47220.0,46045.0
1090,2021-08-18,45995.0,44820.0
1091,2021-08-19,46050.0,44875.0
1092,2021-08-20,48000.0,46825.0
1093,2021-08-23,50815.0,49640.0
1094,2021-08-24,50690.0,49515.0
1095,2021-08-25,48785.0,47610.0
1096,2021-08-26,50210.0,49150.0
1097,2021-08-27,47960.0,46900.0
1098,2021-08-29,50335.0,49275.0
1099,2021-08-30,49925.0,48865.0
1100,2021-08-31,48115.0,47055.0
1101,2021-09-01,48310.0,47250.0
1102,2021-09-02,50060.0,49000.0
1103,2021-09-03,50420.0,49360.0
1104,2021-09-05,53090.0,52030.0
1105,2021-09-06,53060.0,52000.0
1106,2021-09-07,53920.0,52860.0
1107,2021-09-08,47730.0,46670.0
1108,2021-09-09,47600.0,46540.0
1109,2021-09-10,47425.0,46365.0
1110,2021-09-12,46895.0,45835.0
1111,2021-09-13,46150.0,45090.0
1112,2021-09-14,48320.0,47260.0
1113,2021-09-15,49410.0,48350.0
1114,2021-09-16,48735.0,47675.0
1115,2021-09-17,48935.0,47875.0
1116,2021-09-19,48045.0,46985.0
1117,2021-09-20,44255.0,43365.0
1118,2021-09-21,41490.0,40600.0
1119,2021-09-22,44610.0,43720.0
1120,2021-09-23,45920.0,45030.0
1121,2021-09-24,46020.0,45130.0
1122,2021-09-26,44080.0,43190.0
1123,2021-09-27,44190.0,43300.0
1124,2021-09-28,43175.0,42285.0
1125,2021-09-29,41960.0,41070.0
1126,2021-09-30,42475.0,41585.0
1127,2021-10-01,44725.0,43835.0
1128,2021-10-03,49210.0,48320.0
1129,2021-10-04,49430.0,48540.0
1130,2021-10-05,50470.0,49580.0
1131,2021-10-06,56645.0,55755.0
1132,2021-10-07,55250.0,54360.0
1133,2021-10-08,55200.0,54310.0
1134,2021-10-10,56240.0,55350.0
1135,2021-10-11,56045.0,55155.0
1136,2021-10-12,58895.0,58005.0
1137,2021-10-13,57205.0,56315.0
1138,2021-10-14,58675.0,57785.0
1139,2021-10-15,58645.0,57755.0
1140,2021-10-17,62615.0,61725.0
1141,2021-10-18,62765.0,61875.0
1142,2021-10-19,65355.0,64465.0
1143,2021-10-20,67150.0,66260.0
1144,2021-10-21,63565.0,62675.0
1145,2021-10-22,63285.0,62395.0
1146,2021-10-24,62070.0,61180.0
1147,2021-10-25,63955.0,63065.0
1148,2021-10-26,61020.0,60130.0
1149,2021-10-27,59570.0,58680.0
1150,2021-10-28,62170.0,61280.0
1151,2021-10-29,,
1152,2021-10-31,,
1153,2021-11-01,,
1154,2021-11-02,61650.0,61205.0
1155,2021-11-03,64440.0,63995.0
1156,2021-11-04,63570.0,63125.0
1157,2021-11-05,61465.0,61020.0
1158,2021-11-07,64130.0,63685.0
1159,2021-11-08,65945.0,65500.0
1160,2021-11-09,68525.0,68080.0
1161,2021-11-10,67670.0,67225.0
1162,2021-11-11,65605.0,65160.0
1163,2021-11-12,65520.0,65075.0
1164,2021-11-14,66090.0,65645.0
1165,2021-11-15,64055.0,63610.0
1166,2021-11-16,60575.0,60130.0
1167,2021-11-17,60185.0,59740.0
1168,2021-11-18,61060.0,60615.0
1169,2021-11-19,57915.0,57470.0
1170,2021-11-21,59225.0,58780.0
1171,2021-11-22,56655.0,56210.0
1172,2021-11-23,57995.0,57550.0
1173,2021-11-24,57590.0,57145.0
1174,2021-11-25,59610.0,59165.0
1175,2021-11-26,59190.0,59180.0
1176,2021-11-28,57735.0,57725.0
1177,2021-11-29,58190.0,58180.0
1178,2021-11-30,57240.0,57230.0
1179,2021-12-01,57410.0,57400.0
1180,2021-12-02,56680.0,56670.0
1181,2021-12-03,56750.0,56740.0
1182,2021-12-05,49490.0,49480.0
1183,2021-12-06,50660.0,50650.0
1184,2021-12-07,50840.0,50830.0
1185,2021-12-08,50655.0,50645.0
1186,2021-12-09,47660.0,47650.0
1187,2021-12-10,48675.0,48935.0
1188,2021-12-12,50165.0,50425.0
1189,2021-12-13,49775.0,50035.0
1190,2021-12-14,47215.0,47475.0
1191,2021-12-15,48750.0,49010.0
1192,2021-12-16,47640.0,47900.0
1193,2021-12-17,47740.0,48000.0
1194,2021-12-19,46600.0,46860.0
1195,2021-12-20,46985.0,47245.0
1196,2021-12-21,48835.0,49095.0
1197,2021-12-22,48690.0,48950.0
1198,2021-12-23,48370.0,48630.0
1199,2021-12-26,50755.0,51015.0
1200,2021-12-27,50670.0,50930.0
1201,2021-12-28,50340.0,50600.0
1202,2021-12-29,47670.0,47930.0
1203,2021-12-30,46455.0,46715.0
1204,2021-12-31,46890.0,47150.0
1205,2022-01-02,47140.0,47400.0
1206,2022-01-03,46950.0,47210.0
1207,2022-01-04,45980.0,46240.0
1208,2022-01-05,43135.0,43395.0
1209,2022-01-06,42835.0,43095.0
1210,2022-01-07,42540.0,42800.0
1211,2022-01-09,41525.0,41785.0
1212,2022-01-10,41330.0,41590.0
1213,2022-01-11,41365.0,41625.0
1214,2022-01-12,42430.0,42690.0
1215,2022-01-13,43430.0,43690.0
1216,2022-01-14,42420.0,42680.0
1217,2022-01-16,42815.0,43075.0
1218,2022-01-17,42625.0,42885.0
1219,2022-01-18,42095.0,42355.0
1220,2022-01-19,41340.0,41600.0
1221,2022-01-20,40360.0,40620.0
1222,2022-01-21,40675.0,41000.0
1223,2022-01-23,36080.0,36405.0
1224,2022-01-24,35710.0,36035.0
1225,2022-01-25,35775.0,36100.0
1226,2022-01-26,36550.0,36875.0
1227,2022-01-27,36730.0,37055.0
1228,2022-01-28,36810.0,37135.0
1229,2022-01-30,37585.0,37910.0
1230,2022-01-31,36525.0,36850.0
1231,2022-02-01,38015.0,38340.0
1232,2022-02-02,38250.0,38575.0
1233,2022-02-03,36515.0,36840.0
1234,2022-02-04,36825.0,37150.0
1235,2022-02-06,42085.0,42410.0
1236,2022-02-07,41570.0,41895.0
1237,2022-02-08,43800.0,44125.0
1238,2022-02-09,44105.0,44430.0
1239,2022-02-10,43235.0,43560.0
1240,2022-02-11,42715.0,43120.0
1241,2022-02-13,41730.0,42135.0
1242,2022-02-14,42460.0,42865.0
1243,2022-02-15,42460.0,42865.0
1244,2022-02-16,43910.0,44315.0
1245,2022-02-17,40145.0,40550.0
1246,2022-02-18,40165.0,40570.0
1247,2022-02-20,37955.0,38360.0
1248,2022-02-21,36770.0,37175.0
1249,2022-02-22,37850.0,38255.0
1250,2022-02-23,36905.0,37310.0
1251,2022-02-24,37910.0,38315.0
1252,2022-02-25,37870.0,38275.0
1253,2022-02-27,37250.0,37655.0
1254,2022-02-28,42855.0,43260.0
1255,2022-03-01,43355.0,43550.0
1256,2022-03-02,44200.0,44395.0
1257,2022-03-03,43905.0,44100.0
1258,2022-03-04,41560.0,41755.0
1259,2022-03-06,38205.0,38400.0
1260,2022-03-07,38350.0,38545.0
1261,2022-03-08,38090.0,38285.0
1262,2022-03-09,38830.0,39025.0
1263,2022-03-10,41805.0,42000.0
1264,2022-03-11,39255.0,39450.0
1265,2022-03-13,37560.0,37755.0
1266,2022-03-14,37605.0,37800.0
1267,2022-03-15,39290.0,39485.0
1268,2022-03-16,39105.0,39300.0
1269,2022-03-17,40810.0,41005.0
1270,2022-03-18,40180.0,40375.0
1271,2022-03-20,41145.0,41340.0
1272,2022-03-21,40975.0,41170.0
1273,2022-03-22,42305.0,42500.0
1274,2022-03-23,42845.0,43040.0
1275,2022-03-24,44005.0,44200.0
1276,2022-03-25,44005.0,44200.0
1277,2022-03-27,46700.0,46895.0
1278,2022-03-28,47595.0,47790.0
1279,2022-03-29,47405.0,47600.0
1280,2022-03-30,47095.0,47290.0
1281,2022-03-31,45725.0,45920.0
1282,2022-04-01,45400.0,45595.0
1283,2022-04-03,46645.0,46840.0
1284,2022-04-04,46730.0,46925.0
1285,2022-04-05,45840.0,46035.0
1286,2022-04-06,43290.0,43485.0
1287,2022-04-07,43460.0,43655.0
1288,2022-04-08,43255.0,43450.0
1289,2022-04-10,41975.0,42170.0
1290,2022-04-11,42005.0,42270.0
1291,2022-04-12,39295.0,39560.0
1292,2022-04-13,39935.0,40200.0
1293,2022-04-14,40885.0,41150.0
1294,2022-04-17,39785.0,40050.0
1295,2022-04-18,39270.0,39535.0
1296,2022-04-19,40640.0,40905.0
1297,2022-04-20,41375.0,41640.0
1298,2022-04-21,40175.0,40440.0
1299,2022-04-22,40255.0,40520.0
1300,2022-04-24,39335.0,39600.0
1301,2022-04-25,40170.0,40435.0
1302,2022-04-26,37935.0,38200.0
1303,2022-04-27,38850.0,39115.0
1304,2022-04-28,39555.0,39820.0
1305,2022-04-29,39525.0,39790.0
1306,2022-05-01,38010.0,38275.0
1307,2022-05-02,38290.0,38555.0
1308,2022-05-03,37385.0,37650.0
1309,2022-05-04,39500.0,39765.0
1310,2022-05-05,35935.0,36200.0
1311,2022-05-06,36270.0,36535.0
1312,2022-05-08,33940.0,34205.0
1313,2022-05-09,30760.0,31025.0
1314,2022-05-10,30435.0,30700.0
1315,2022-05-11,28400.0,28665.0
1316,2022-05-12,28460.0,28725.0
1317,2022-05-13,28605.0,28870.0
1318,2022-05-15,30725.0,30990.0
1319,2022-05-16,29755.0,29985.0
1320,2022-05-17,30105.0,30335.0
1321,2022-05-18,28925.0,29155.0
1322,2022-05-19,28430.0,28660.0
1323,2022-05-20,29970.0,30200.0
1324,2022-05-22,30140.0,30370.0
1325,2022-05-23,30070.0,30300.0
1326,2022-05-24,28830.0,29060.0
1327,2022-05-25,29400.0,29630.0
1328,2022-05-26,29215.0,29445.0
1329,2022-05-27,28895.0,29125.0
1330,2022-05-29,29215.0,29445.0
1331,2022-05-30,29265.0,29495.0
1332,2022-05-31,31550.0,31780.0
1333,2022-06-01,31560.0,31790.0
1334,2022-06-02,29460.0,29690.0
1335,2022-06-03,30205.0,30435.0
1336,2022-06-05,29755.0,29985.0
1337,2022-06-06,29650.0,29880.0
1338,2022-06-07,31130.0,31360.0
1339,2022-06-08,30950.0,31180.0
1340,2022-06-09,29910.0,30140.0
1341,2022-06-10,29835.0,30065.0
1342,2022-06-12,26710.0,26940.0
1343,2022-06-13,22275.0,22505.0
1344,2022-06-14,22180.0,22410.0
1345,2022-06-15,22300.0,22610.0
1346,2022-06-16,20050.0,20360.0
1347,2022-06-17,20035.0,20345.0
1348,2022-06-19,20455.0,20765.0
1349,2022-06-20,20130.0,20440.0
1350,2022-06-21,20580.0,20890.0
1351,2022-06-22,19750.0,20060.0
1352,2022-06-23,20635.0,20945.0
1353,2022-06-24,20800.0,21110.0
1354,2022-06-26,20715.0,21025.0
1355,2022-06-27,20445.0,20755.0
1356,2022-06-28,19955.0,20265.0
1357,2022-06-29,19860.0,20170.0
1358,2022-06-30,18490.0,18800.0
1359,2022-07-01,19445.0,19755.0
1360,2022-07-03,18910.0,19220.0
1361,2022-07-04,19805.0,20115.0
1362,2022-07-05,20110.0,20420.0
1363,2022-07-06,20190.0,20500.0
1364,2022-07-07,21320.0,21630.0
1365,2022-07-08,21555.0,21755.0
1366,2022-07-10,20630.0,20830.0
1367,2022-07-11,20645.0,20845.0
1368,2022-07-12,19800.0,20000.0
1369,2022-07-13,19050.0,19250.0
1370,2022-07-14,20300.0,20500.0
1371,2022-07-15,20335.0,20535.0
1372,2022-07-17,20810.0,21010.0
1373,2022-07-18,20750.0,20985.0
1374,2022-07-19,21570.0,21805.0
1375,2022-07-20,23260.0,23495.0
1376,2022-07-21,22895.0,23130.0
1377,2022-07-22,22410.0,22645.0
1378,2022-07-24,22675.0,22910.0
1379,2022-07-25,22465.0,22700.0
1380,2022-07-26,20930.0,21165.0
1381,2022-07-27,20905.0,21140.0
1382,2022-07-28,23970.0,24205.0
1383,2022-07-29,23720.0,23955.0
1384,2022-07-31,23165.0,23400.0
1385,2022-08-01,22885.0,23120.0
1386,2022-08-02,23005.0,23240.0
1387,2022-08-03,22805.0,23040.0
1388,2022-08-04,22450.0,22685.0
1389,2022-08-05,22395.0,22630.0
1390,2022-08-07,23115.0,23350.0
1391,2022-08-08,23665.0,23900.0
1392,2022-08-09,23625.0,23860.0
1393,2022-08-10,23695.0,23930.0
1394,2022-08-11,23765.0,24000.0
1395,2022-08-12,23765.0,24000.0
1396,2022-08-14,24115.0,24350.0
1397,2022-08-15,24165.0,24400.0
1398,2022-08-16,23950.0,24185.0
1399,2022-08-17,23160.0,23395.0
1400,2022-08-18,23115.0,23350.0
1401,2022-08-19,22995.0,23230.0
1402,2022-08-21,21315.0,21550.0
1403,2022-08-22,20915.0,21150.0
1404,2022-08-23,21090.0,21325.0
1405,2022-08-24,21275.0,21510.0
1406,2022-08-25,21040.0,21275.0
1407,2022-08-26,21280.0,21515.0
1408,2022-08-28,19490.0,19725.0
1409,2022-08-29,19835.0,20070.0
1410,2022-08-30,19535.0,19770.0
1411,2022-08-31,19830.0,20065.0
1412,2022-09-01,19575.0,19810.0
1413,2022-09-02,19750.0,19985.0
1414,2022-09-04,19475.0,19710.0
1415,2022-09-05,19545.0,19785.0
1416,2022-09-06,18420.0,18660.0
1417,2022-09-07,18695.0,18935.0
1418,2022-09-08,19025.0,19265.0
1419,2022-09-09,21095.0,21335.0
1420,2022-09-11,21475.0,21715.0
1421,2022-09-12,21970.0,22210.0
1422,2022-09-13,19955.0,20195.0
1423,2022-09-14,20090.0,20330.0
1424,2022-09-15,20030.0,20270.0
1425,2022-09-16,19375.0,19615.0
1426,2022-09-18,19085.0,19325.0
1427,2022-09-19,19245.0,19485.0
1428,2022-09-20,18695.0,18935.0
1429,2022-09-21,18080.0,18320.0
1430,2022-09-22,19060.0,19300.0
1431,2022-09-23,19140.0,19380.0
1432,2022-09-25,18470.0,18710.0
1433,2022-09-26,18830.0,19070.0
1434,2022-09-27,18915.0,19155.0
1435,2022-09-28,19225.0,19465.0
1436,2022-09-29,19155.0,19395.0
1437,2022-09-30,19320.0,19560.0
1438,2022-10-02,18855.0,19095.0
1439,2022-10-03,19285.0,19525.0
1440,2022-10-04,20045.0,20285.0
1441,2022-10-05,20020.0,20260.0
1442,2022-10-06,19960.0,20200.0
1443,2022-10-07,19715.0,19955.0
1444,2022-10-09,19070.0,19310.0
1445,2022-10-10,19075.0,19320.0
1446,2022-10-11,18875.0,19120.0
1447,2022-10-12,18895.0,19140.0
1448,2022-10-13,19070.0,19315.0
1449,2022-10-14,19140.0,19385.0
1450,2022-10-16,18995.0,19240.0
1451,2022-10-17,18970.0,19215.0
1452,2022-10-18,19005.0,19250.0
1453,2022-10-19,18940.0,19185.0
1454,2022-10-20,18755.0,19000.0
1455,2022-10-21,18895.0,19140.0
1456,2022-10-23,19345.0,19590.0
1457,2022-10-24,19065.0,19310.0
1458,2022-10-25,19820.0,20065.0
1459,2022-10-26,20620.0,20865.0
1460,2022-10-27,20085.0,20330.0
1461,2022-10-28,20100.0,20345.0
1462,2022-10-30,20420.0,20665.0
1463,2022-10-31,20260.0,20505.0
1464,2022-11-01,20235.0,20480.0
1465,2022-11-02,19885.0,20130.0
1466,2022-11-03,19945.0,20190.0
1467,2022-11-04,20060.0,20305.0
1468,2022-11-06,20730.0,20975.0
1469,2022-11-07,20725.0,20970.0
1470,2022-11-08,17835.0,18080.0
1471,2022-11-09,15315.0,15560.0
1472,2022-11-10,15590.0,15835.0
1473,2022-11-11,16880.0,17125.0
1474,2022-11-14,15775.0,15820.0
1475,2022-11-15,16465.0,16510.0
1476,2022-11-16,16035.0,16080.0
1477,2022-11-17,16245.0,16290.0
1478,2022-11-18,16215.0,16260.0
1479,2022-11-21,15320.0,15365.0
1480,2022-11-22,15545.0,15590.0
1481,2022-11-23,16210.0,16255.0
1482,2022-11-24,16210.0,16255.0
1483,2022-11-25,16255.0,16300.0
1484,2022-11-28,15945.0,15990.0
1485,2022-11-29,16220.0,16265.0
1486,2022-11-30,17035.0,17080.0
1487,2022-12-01,16775.0,16820.0
1488,2022-12-02,16950.0,16995.0
1489,2022-12-05,16775.0,16775.0
1490,2022-12-06,16875.0,16875.0
1491,2022-12-07,16635.0,16635.0
1492,2022-12-08,17100.0,17100.0
1493,2022-12-09,16965.0,16965.0
1494,2022-12-12,17020.0,17020.0
1495,2022-12-13,17640.0,17640.0
1496,2022-12-14,17705.0,17705.0
1497,2022-12-15,17285.0,17285.0
1498,2022-12-16,16685.0,16685.0
1499,2022-12-19,16390.0,16390.0
1500,2022-12-20,16725.0,16725.0
1501,2022-12-21,16590.0,16590.0
1502,2022-12-22,16575.0,16575.0
1503,2022-12-23,16650.0,16650.0
1504,2022-12-27,16435.0,16435.0
1505,2022-12-28,16395.0,16395.0
1506,2022-12-29,16385.0,16385.0
1507,2022-12-30,16480.0,16480.0
